"","date","conf","line","ttq","type","team1","team1_wp","team1_pts","team2","team2_wp","team2_pts","game_id","year"
"1",2022-11-07,"Amer at SEC","Memphis -2.7, 78-75 (60%)",77.6385869469224,"nc","Memphis",0.600827718611952,77.6829100164767,"Vanderbilt",0.399172281388048,74.9692063762916,"MemphisVanderbilt11-7",2023
"2",2022-11-07,"WAC at MWC","Utah St. -6.7, 77-70 (74%)",67.7094301498712,"nc","Utah Valley",0.260035089604302,70.0842286071474,"Utah St.",0.739964910395698,76.7563188699585,"Utah ValleyUtah St.11-7",2023
"3",2022-11-07,"CAA at Ivy","Princeton -2.7, 72-70 (61%)",65.2051179147097,"nc","Hofstra",0.390600975257728,69.6106606051842,"Princeton",0.609399024742272,72.3557434378948,"HofstraPrinceton11-7",2023
"4",2022-11-07,"Pat at MAC","Colgate -1.8, 80-78 (56%)",63.1730479272954,"nc","Colgate",0.563575940031559,79.9736671080714,"Buffalo",0.436424059968441,78.2151768388651,"ColgateBuffalo11-7",2023
"5",2022-11-07,"BSky at WAC","Grand Canyon -2.3, 69-67 (59%)",60.7652991304813,"nc","Montana St.",0.405765691770749,66.7146412116458,"Grand Canyon",0.594234308229251,68.9649331914838,"Montana St.Grand Canyon11-7",2023
"6",2022-11-07,"WAC at B12","Oklahoma -4.7, 63-58 (71%)",59.4544082348913,"nc","Sam Houston St.",0.289607976437755,58.3953282789013,"Oklahoma",0.710392023562245,63.1340978150626,"Sam Houston St.Oklahoma11-7",2023
"7",2022-11-07,"SB at ASun","Marshall -4.7, 83-78 (66%)",59.401293572434,"nc","Marshall",0.660412626584879,83.0000474521757,"Queens",0.339587373415121,78.3357032107304,"MarshallQueens11-7",2023
"8",2022-11-07,"WAC at MWC","New Mexico -9.5, 89-79 (79%)",59.2782506766776,"nc","Southern Utah",0.213216858974856,79.3980998203286,"New Mexico",0.786783141025144,88.9441461098528,"Southern UtahNew Mexico11-7",2023
"9",2022-11-07,"MAC at Horz","Kent St. -2.1, 63-61 (60%)",58.7128394673061,"nc","Kent St.",0.597089741122038,63.4218850367383,"Northern Kentucky",0.402910258877962,61.2892422254391,"Kent St.Northern Kentucky11-7",2023
"10",2022-11-07,"WAC at BW","Seattle -0.3, 69-68 (51%)",57.2995580079494,"nc","Seattle",0.512373847426891,68.4104016433323,"UC San Diego",0.487626152573109,68.116539740307,"SeattleUC San Diego11-7",2023
"11",2022-11-07,"MAAC at A10","Rhode Island -0.6, 70-69 (53%)",55.8811243656434,"nc","Quinnipiac",0.474758501021179,69.2777849054713,"Rhode Island",0.525241498978821,69.8892196710378,"QuinnipiacRhode Island11-7",2023
"12",2022-11-07,"Sum at WCC","Saint Mary's -11.4, 73-61 (88%)",54.9920525172078,"nc","Oral Roberts",0.122839117181073,61.2256618077253,"Saint Mary's",0.877160882818927,72.6393538834913,"Oral RobertsSaint Mary's11-7",2023
"13",2022-11-07,"Horz at MAAC","Youngstown St. -1.3, 76-74 (55%)",54.6844202414464,"nc","Youngstown St.",0.549410049307631,75.6058241273874,"Canisius",0.450589950692369,74.313374452611,"Youngstown St.Canisius11-7",2023
"14",2022-11-07,"MAC at MVC","Belmont -5.0, 80-75 (68%)",54.6177479792927,"nc","Ohio",0.324304105619865,75.3663495611987,"Belmont",0.675695894380135,80.3339493282116,"OhioBelmont11-7",2023
"15",2022-11-07,"BW at WAC","Cal Baptist -3.4, 73-69 (63%)",54.5129591791324,"nc","Long Beach St.",0.365879680279652,69.2871675498753,"Cal Baptist",0.634120319720348,72.6810056368377,"Long Beach St.Cal Baptist11-7",2023
"16",2022-11-07,"Ivy at ACC","Boston College -4.3, 78-73 (66%)",53.0288210279859,"nc","Cornell",0.343539544183725,73.4342357058281,"Boston College",0.656460455816275,77.6879249046608,"CornellBoston College11-7",2023
"17",2022-11-07,"BSky at WCC","Santa Clara -9.0, 82-73 (79%)",52.8671055754431,"nc","Eastern Washington",0.206678631467219,72.8906532178033,"Santa Clara",0.793321368532781,81.9346881871322,"Eastern WashingtonSanta Clara11-7",2023
"18",2022-11-07,"Ivy at MAAC","Iona -8.9, 78-69 (80%)",52.6930558356723,"nc","Penn",0.199263333780521,68.9434186417164,"Iona",0.800736666219479,77.8072333732801,"PennIona11-7",2023
"19",2022-11-07,"ASun at ACC","Florida St. -2.5, 76-73 (59%)",51.2631634058286,"nc","Stetson",0.405053320657134,73.3381639915735,"Florida St.",0.594946679342866,75.8313526205236,"StetsonFlorida St.11-7",2023
"20",2022-11-07,"BSth at SEC","Alabama -22.5, 84-62 (97%)",50.2733583051673,"nc","Longwood",0.027056136593735,61.547372167063,"Alabama",0.972943863406265,84.0423881021188,"LongwoodAlabama11-7",2023
"21",2022-11-07,"BW at P12","UC Davis -1.7, 66-64 (57%)",49.9802448163996,"nc","UC Davis",0.574539327865383,66.1773479575425,"California",0.425460672134617,64.4710853550325,"UC DavisCalifornia11-7",2023
"22",2022-11-07,"CUSA at WCC","Pepperdine -5.6, 85-79 (69%)",49.7639095236386,"nc","Rice",0.31270090098607,78.9331448450862,"Pepperdine",0.68729909901393,84.5278813680278,"RicePepperdine11-7",2023
"23",2022-11-07,"WAC at MWC","Nevada -8.9, 76-67 (80%)",49.0631023705826,"nc","Utah Tech",0.195023054681206,67.4977874691152,"Nevada",0.804976945318794,76.3534120084777,"Utah TechNevada11-7",2023
"24",2022-11-07,"WAC at P12","Arizona St. -10.0, 72-62 (85%)",48.9308948175597,"nc","Tarleton St.",0.152582716130327,62.1969195878366,"Arizona St.",0.847417283869673,72.1964767889459,"Tarleton St.Arizona St.11-7",2023
"25",2022-11-07,"BW at MWC","San Diego St. -13.4, 69-55 (92%)",47.1254338906276,"nc","Cal St. Fullerton",0.0759147685277059,55.1734698446532,"San Diego St.",0.924085231472294,68.5664504824467,"Cal St. FullertonSan Diego St.11-7",2023
"26",2022-11-07,"CUSA at B12","Texas -19.1, 77-58 (96%)",46.8908149887535,"nc","UTEP",0.0371564777489337,58.2726307327115,"Texas",0.962843522251066,77.3356089593198,"UTEPTexas11-7",2023
"27",2022-11-07,"SC at CAA","College of Charleston -12.7, 83-71 (87%)",46.8849877420891,"nc","Chattanooga",0.129959301570047,70.5666029317961,"College of Charleston",0.870040698429953,83.2534061830055,"ChattanoogaCollege of Charleston11-7",2023
"28",2022-11-07,"Ivy at AE","Vermont -7.9, 72-64 (79%)",46.027771499629,"nc","Brown",0.208521149403095,63.8789862032543,"Vermont",0.791478850596905,71.7349812779584,"BrownVermont11-7",2023
"29",2022-11-07,"BW at P12","Colorado -11.1, 76-65 (86%)",45.6458808834567,"nc","UC Riverside",0.139385514904889,64.6703125500732,"Colorado",0.860614485095111,75.7620999912836,"UC RiversideColorado11-7",2023
"30",2022-11-07,"WCC at P12","Stanford -11.9, 82-70 (86%)",45.1185339346384,"nc","Pacific",0.141280918497023,70.249680931541,"Stanford",0.858719081502977,82.1860410486293,"PacificStanford11-7",2023
"31",2022-11-07,"CAA at ACC","North Carolina -12.7, 74-61 (90%)",44.5251617147388,"nc","UNC Wilmington",0.101682082027607,61.0931870214901,"North Carolina",0.898317917972393,73.8362774155692,"UNC WilmingtonNorth Carolina11-7",2023
"32",2022-11-07,"A10 at SEC","Auburn -14.7, 74-60 (93%)",44.5240413431634,"nc","George Mason",0.073253482657502,59.6608550391805,"Auburn",0.926746517342498,74.3921478900238,"George MasonAuburn11-7",2023
"33",2022-11-07,"ASun at WCC","Gonzaga -26.2, 97-71 (97%)",44.4909808534404,"nc","North Florida",0.0264103189997523,71.1752728950786,"Gonzaga",0.973589681000248,97.3992088552451,"North FloridaGonzaga11-7",2023
"34",2022-11-07,"BSth at BE","Marquette -18.6, 80-61 (96%)",44.2681493725071,"nc","Radford",0.0447336033128607,61.1142232275444,"Marquette",0.955266396687139,79.7535780101962,"RadfordMarquette11-7",2023
"35",2022-11-07,"Slnd at P12","Arizona -29.0, 95-66 (98%)",44.0957901428387,"nc","Nicholls St.",0.0152575163956815,66.3729795229122,"Arizona",0.984742483604318,95.3605184003862,"Nicholls St.Arizona11-7",2023
"36",2022-11-07,"MWC at MAC","Air Force -4.2, 72-68 (66%)",43.6674371269193,"nc","Air Force",0.664801069685768,71.8146684426769,"Bowling Green",0.335198930314232,67.6633100277879,"Air ForceBowling Green11-7",2023
"37",2022-11-07,"Sum at BE","Creighton -19.8, 81-62 (96%)",42.6022783948578,"nc","St. Thomas",0.0387413660771148,61.5891632910032,"Creighton",0.961258633922885,81.4290840310141,"St. ThomasCreighton11-7",2023
"38",2022-11-07,"Sum at Slnd","North Dakota -0.7, 71-70 (53%)",42.1671765090568,"nc","North Dakota",0.527915380673035,71.0911457204124,"Incarnate Word",0.472084619326965,70.4035009364625,"North DakotaIncarnate Word11-7",2023
"39",2022-11-07,"BSky at P12","Washington -8.3, 69-61 (81%)",41.7749236331109,"nc","Weber St.",0.18575117396003,60.8532324823971,"Washington",0.81424882603997,69.1981640606995,"Weber St.Washington11-7",2023
"40",2022-11-07,"BSky at Amer","Houston -25.4, 84-59 (98%)",41.7684742413816,"nc","Northern Colorado",0.0155777207898129,58.5779901607234,"Houston",0.984422279210187,84.006931287719,"Northern ColoradoHouston11-7",2023
"41",2022-11-07,"WAC at B12","Kansas St. -23.8, 92-68 (97%)",41.4991990488326,"nc","UT Rio Grande Valley",0.0311845278654443,68.274379440689,"Kansas St.",0.968815472134556,92.0498623532457,"UT Rio Grande ValleyKansas St.11-7",2023
"42",2022-11-07,"Sum at SEC","Arkansas -20.4, 83-63 (96%)",40.8824991268835,"nc","North Dakota St.",0.0378139649628071,62.913448112126,"Arkansas",0.962186035037193,83.3623923020211,"North Dakota St.Arkansas11-7",2023
"43",2022-11-07,"BSth at Amer","UCF -12.1, 72-60 (89%)",40.5712385858186,"nc","UNC Asheville",0.107705978647502,59.9395816279008,"UCF",0.892294021352498,72.0382432702244,"UNC AshevilleUCF11-7",2023
"44",2022-11-07,"ASun at P12","USC -14.9, 78-63 (92%)",40.5489347898958,"nc","Florida Gulf Coast",0.0806851597125666,63.2681468975542,"USC",0.919314840287433,78.1752925221925,"Florida Gulf CoastUSC11-7",2023
"45",2022-11-07,"MEAC at SEC","Kentucky -18.4, 82-63 (95%)",40.4830120177193,"nc","Howard",0.0509138809723779,63.4767031290595,"Kentucky",0.949086119027622,81.8634350079458,"HowardKentucky11-7",2023
"46",2022-11-07,"Sum at MAC","Akron -8.7, 73-64 (81%)",40.4015093386635,"nc","South Dakota St.",0.188738806608954,64.2181291286736,"Akron",0.811261193391046,72.8999399525759,"South Dakota St.Akron11-7",2023
"47",2022-11-07,"BSth at MWC","Colorado St. -9.2, 72-63 (83%)",39.8417176883116,"nc","Gardner Webb",0.170694025444791,62.6049473811283,"Colorado St.",0.829305974555209,71.8296913699957,"Gardner WebbColorado St.11-7",2023
"48",2022-11-07,"MEAC at ACC","Virginia -12.7, 67-54 (92%)",39.778846796666,"nc","North Carolina Central",0.0822963517254858,54.3398018311747,"Virginia",0.917703648274514,67.0176997867811,"North Carolina CentralVirginia11-7",2023
"49",2022-11-07,"Slnd at SEC","Mississippi St. -12.2, 71-59 (90%)",39.4534789361368,"nc","Texas A&M Corpus Chris",0.104389795397142,59.286250720013,"Mississippi St.",0.895610204602858,71.470119277851,"Texas A&M Corpus ChrisMississippi St.11-7",2023
"50",2022-11-07,"MVC at A10","Saint Louis -12.5, 82-69 (87%)",38.620297030059,"nc","Murray St.",0.128836357039453,69.3460188111919,"Saint Louis",0.871163642960547,81.8843257035337,"Murray St.Saint Louis11-7",2023
"51",2022-11-07,"AE at Amer","Tulane -14.2, 87-73 (88%)",38.5837057762039,"nc","UMBC",0.115125675885394,73.0494697780975,"Tulane",0.884874324114606,87.2238549292318,"UMBCTulane11-7",2023
"52",2022-11-07,"OVC at B10","Indiana -15.4, 74-58 (94%)",38.3436980755039,"nc","Morehead St.",0.0630707806435518,58.3890367409696,"Indiana",0.936929219356448,73.8301576169677,"Morehead St.Indiana11-7",2023
"53",2022-11-07,"NEC at BE","Connecticut -32.0, 85-53 (100%)",38.2602559786792,"nc","Stonehill",0.00447765427067691,53.3110631935533,"Connecticut",0.995522345729323,85.2912226219495,"StonehillConnecticut11-7",2023
"54",2022-11-07,"Pat at CAA","Navy -3.2, 66-63 (64%)",38.2598055091489,"nc","Navy",0.640234455207368,65.8834102452947,"William & Mary",0.359765544792632,62.6627081320246,"NavyWilliam & Mary11-7",2023
"55",2022-11-07,"BSky at B10","Michigan St. -18.0, 80-62 (95%)",38.1707175397266,"nc","Northern Arizona",0.0506654878178842,61.8501540908002,"Michigan St.",0.949334512182116,79.8014832287153,"Northern ArizonaMichigan St.11-7",2023
"56",2022-11-07,"Horz at B10","Michigan -17.8, 80-63 (95%)",37.8380800292475,"nc","Fort Wayne",0.0534947257099134,62.6124878983544,"Michigan",0.946505274290087,80.383397540694,"Fort WayneMichigan11-7",2023
"57",2022-11-07,"MAAC at B12","West Virginia -21.3, 81-60 (97%)",37.6264474221964,"nc","Mount St. Mary's",0.0288802392576205,59.5577253849386,"West Virginia",0.97111976074238,80.8522649095516,"Mount St. Mary'sWest Virginia11-7",2023
"58",2022-11-07,"SC at SEC","Georgia -8.3, 74-66 (80%)",37.6201393288265,"nc","Western Carolina",0.204172172781522,65.8713836089753,"Georgia",0.795827827218478,74.1434279660654,"Western CarolinaGeorgia11-7",2023
"59",2022-11-07,"A10 at BE","Villanova -14.2, 76-62 (92%)",37.2423294874827,"nc","La Salle",0.0844153233542062,61.58956033342,"Villanova",0.915584676645794,75.7759187219474,"La SalleVillanova11-7",2023
"60",2022-11-07,"Slnd at B12","Texas Tech -15.9, 79-63 (93%)",37.1309617909263,"nc","Northwestern St.",0.0703000649343649,63.0725286794927,"Texas Tech",0.929699935065635,78.9500051052013,"Northwestern St.Texas Tech11-7",2023
"61",2022-11-07,"MEAC at BE","Xavier -27.7, 91-63 (99%)",37.1116077768668,"nc","Morgan St.",0.0149788037937279,63.0045786794799,"Xavier",0.985021196206272,90.6684777293287,"Morgan St.Xavier11-7",2023
"62",2022-11-07,"SB at P12","Washington St. -12.5, 71-58 (90%)",36.9949558808193,"nc","Texas St.",0.0960094162144251,58.2675348380367,"Washington St.",0.903990583785575,70.812391204876,"Texas St.Washington St.11-7",2023
"63",2022-11-07,"Ivy at A10","Fordham -9.8, 76-66 (83%)",36.7896298351742,"nc","Dartmouth",0.168795806779418,66.1500740568507,"Fordham",0.831204193220582,75.9861325658374,"DartmouthFordham11-7",2023
"64",2022-11-07,"OVC at Amer","South Florida -11.7, 82-70 (86%)",36.6988109445218,"nc","Southeast Missouri St.",0.144882426630236,70.1182229611755,"South Florida",0.855117573369764,81.8229737499598,"Southeast Missouri St.South Florida11-7",2023
"65",2022-11-07,"NEC at A10","Loyola Chicago -6.3, 78-71 (73%)",36.6912944267778,"nc","Fairleigh Dickinson",0.273655084455641,71.2282097556535,"Loyola Chicago",0.726344915544359,77.5383085294739,"Fairleigh DickinsonLoyola Chicago11-7",2023
"66",2022-11-07,"BSky at P12","UCLA -24.0, 75-51 (99%)",36.6501715775282,"nc","Sacramento St.",0.0120418648399927,51.3744967336696,"UCLA",0.987958135160007,75.3678728710941,"Sacramento St.UCLA11-7",2023
"67",2022-11-07,"WAC at B12","Oklahoma St. -15.5, 72-57 (94%)",36.4872077369428,"nc","UT Arlington",0.0583559695513906,56.5672869981163,"Oklahoma St.",0.941644030448609,72.0429627649393,"UT ArlingtonOklahoma St.11-7",2023
"68",2022-11-07,"NEC at BE","St. John's -16.1, 76-60 (94%)",35.9112222262403,"nc","Merrimack",0.0604529910879117,59.7691995962017,"St. John's",0.939547008912088,75.872815162349,"MerrimackSt. John's11-7",2023
"69",2022-11-07,"Horz at B10","Ohio St. -16.9, 77-60 (95%)",35.6113697606217,"nc","Robert Morris",0.0542480279002743,59.8496043601678,"Ohio St.",0.945751972099726,76.7376556648489,"Robert MorrisOhio St.11-7",2023
"70",2022-11-07,"OVC at SEC","Tennessee -24.7, 78-53 (99%)",35.2657435899612,"nc","Tennessee Tech",0.0120818102446516,52.9902273324152,"Tennessee",0.987918189755348,77.7155396653713,"Tennessee TechTennessee11-7",2023
"71",2022-11-07,"BSky at WCC","BYU -14.9, 78-63 (92%)",35.156591631094,"nc","Idaho St.",0.0796334570573649,62.7493457815435,"BYU",0.920366542942635,77.6304793343582,"Idaho St.BYU11-7",2023
"72",2022-11-07,"Sum at B12","Kansas -28.4, 88-59 (99%)",34.7843885829344,"nc","Nebraska Omaha",0.0110524323101092,59.2945754199886,"Kansas",0.988947567689891,87.6454442109909,"Nebraska OmahaKansas11-7",2023
"73",2022-11-07,"OVC at ACC","Pittsburgh -19.4, 88-68 (95%)",34.6046369285351,"nc","Tennessee Martin",0.0533127729594962,68.2047210156544,"Pittsburgh",0.946687227040504,87.5902493166851,"Tennessee MartinPittsburgh11-7",2023
"74",2022-11-07,"SWAC at B12","TCU -24.9, 85-60 (98%)",34.5589588286128,"nc","Arkansas Pine Bluff",0.0183398656746926,60.1772835594174,"TCU",0.981660134325307,85.0633691136645,"Arkansas Pine BluffTCU11-7",2023
"75",2022-11-07,"ASun at ACC","Duke -17.3, 68-51 (97%)",34.555168965751,"nc","Jacksonville",0.0336086517603229,51.106104519126,"Duke",0.966391348239677,68.4410125351825,"JacksonvilleDuke11-7",2023
"76",2022-11-07,"MAAC at Pat","Siena -4.9, 71-66 (70%)",34.5334542973237,"nc","Siena",0.69652302156873,70.6033932471008,"Holy Cross",0.30347697843127,65.6826725553548,"SienaHoly Cross11-7",2023
"77",2022-11-07,"Pat at ACC","Miami FL -19.9, 77-57 (97%)",34.5234693065066,"nc","Lafayette",0.0317370535336869,57.4239226072179,"Miami FL",0.968262946466313,77.2989222917365,"LafayetteMiami FL11-7",2023
"78",2022-11-07,"BSth at B10","Penn St. -20.0, 85-65 (96%)",34.4480184599092,"nc","Winthrop",0.0435963753161404,64.7658719392538,"Penn St.",0.95640362468386,84.7171830284966,"WinthropPenn St.11-7",2023
"79",2022-11-07,"CAA at Pat","Boston University -3.7, 67-63 (66%)",34.4053260771746,"nc","Northeastern",0.340559796421131,62.9239491824506,"Boston University",0.659440203578869,66.6455155587258,"NortheasternBoston University11-7",2023
"80",2022-11-07,"MEAC at SB","Old Dominion -7.4, 67-60 (79%)",34.1265094444751,"nc","Maryland Eastern Shore",0.205322163210189,59.59234893919,"Old Dominion",0.794677836789811,67.0346981507792,"Maryland Eastern ShoreOld Dominion11-7",2023
"81",2022-11-07,"SB at SEC","Texas A&M -20.5, 77-56 (97%)",33.8770211666826,"nc","Louisiana Monroe",0.0273265420964224,56.269105776992,"Texas A&M",0.972673457903578,76.7666925339025,"Louisiana MonroeTexas A&M11-7",2023
"82",2022-11-07,"OVC at SEC","Missouri -22.0, 92-70 (96%)",33.8660042361372,"nc","Southern Indiana",0.0417186183738347,70.1280282286878,"Missouri",0.958281381626165,92.0987296178058,"Southern IndianaMissouri11-7",2023
"83",2022-11-07,"SWAC at MWC","UNLV -16.6, 81-64 (93%)",33.5964324049906,"nc","Southern",0.0662275493958444,64.1207097939016,"UNLV",0.933772450604156,80.7103001126625,"SouthernUNLV11-7",2023
"84",2022-11-07,"MVC at MAC","Toledo -19.0, 89-70 (94%)",33.4773322767523,"nc","Valparaiso",0.0594684488310383,69.838664973316,"Toledo",0.940531551168962,88.7900586050529,"ValparaisoToledo11-7",2023
"85",2022-11-07,"Sum at MVC","Illinois St. -3.9, 70-66 (66%)",33.2018304007977,"nc","Western Illinois",0.339597888832227,66.1919040741435,"Illinois St.",0.660402111167773,70.1328839124052,"Western IllinoisIllinois St.11-7",2023
"86",2022-11-07,"MAAC at ACC","Wake Forest -15.7, 78-62 (93%)",32.9474834473248,"nc","Fairfield",0.0704890600743409,62.4661716651479,"Wake Forest",0.929510939925659,78.1713732442147,"FairfieldWake Forest11-7",2023
"87",2022-11-07,"SWAC at SEC","Mississippi -12.1, 75-62 (89%)",32.5307798273929,"nc","Alcorn St.",0.114830663594071,62.4527694232599,"Mississippi",0.885169336405929,74.5897919985422,"Alcorn St.Mississippi11-7",2023
"88",2022-11-07,"SWAC at WCC","San Francisco -15.8, 80-64 (93%)",32.5000633365267,"nc","Texas Southern",0.0745747475179729,64.4852873073728,"San Francisco",0.925425252482027,80.2729634212599,"Texas SouthernSan Francisco11-7",2023
"89",2022-11-07,"BSky at Sum","Denver -5.5, 74-69 (71%)",32.3012945692121,"nc","Idaho",0.290931716515436,68.8619909028947,"Denver",0.709068283484564,74.4085413822713,"IdahoDenver11-7",2023
"90",2022-11-07,"Pat at ACC","Syracuse -12.9, 79-66 (89%)",32.0457823030722,"nc","Lehigh",0.114446440697309,66.4415211911969,"Syracuse",0.885553559302691,79.3798406959774,"LehighSyracuse11-7",2023
"91",2022-11-07,"MAAC at B10","Maryland -17.8, 72-54 (96%)",31.2278134107469,"nc","Niagara",0.0364377576739816,54.1318130319093,"Maryland",0.963562242326018,71.9669802708718,"NiagaraMaryland11-7",2023
"92",2022-11-07,"SWAC at WAC","Abilene Christian -10.7, 79-68 (84%)",30.2769693995661,"nc","Jackson St.",0.158063862411751,68.3969458342097,"Abilene Christian",0.841936137588249,79.1053716949325,"Jackson St.Abilene Christian11-7",2023
"93",2022-11-07,"MAAC at A10","VCU -19.5, 76-57 (97%)",29.4116237971149,"nc","Manhattan",0.0329724658722491,56.9673794350284,"VCU",0.967027534127751,76.4216572954246,"ManhattanVCU11-7",2023
"94",2022-11-07,"AE at B10","Nebraska -14.5, 73-59 (93%)",29.348947478507,"nc","Maine",0.0730936274344013,58.7431591366923,"Nebraska",0.926906372565599,73.2628717381751,"MaineNebraska11-7",2023
"95",2022-11-07,"SWAC at B10","Iowa -29.8, 96-66 (99%)",29.1525533091786,"nc","Bethune Cookman",0.0139658203276897,66.46126000912,"Iowa",0.98603417967231,96.2356551089962,"Bethune CookmanIowa11-7",2023
"96",2022-11-07,"ASun at Amer","Wichita St. -20.7, 85-64 (96%)",28.8263714253717,"nc","Central Arkansas",0.0385682977259527,64.0287384808361,"Wichita St.",0.961431702274047,84.6888182739288,"Central ArkansasWichita St.11-7",2023
"97",2022-11-07,"Amer at P12","Oregon St. -7.8, 68-60 (80%)",28.724762674474,"nc","Tulsa",0.196981895167156,60.3737326205884,"Oregon St.",0.803018104832844,68.2209098979356,"TulsaOregon St.11-7",2023
"98",2022-11-07,"AE at MAAC","Saint Peter's -4.1, 65-61 (68%)",28.3374584493697,"nc","NJIT",0.321002372709739,60.982708176223,"Saint Peter's",0.678997627290261,65.0876935515714,"NJITSaint Peter's11-7",2023
"99",2022-11-07,"ind at B10","Northwestern -21.0, 76-55 (98%)",28.2634895696435,"nc","Chicago St.",0.0237681077946727,55.1280579559885,"Northwestern",0.976231892205327,76.1521410261791,"Chicago St.Northwestern11-7",2023
"100",2022-11-07,"SWAC at B12","Baylor -31.7, 89-58 (99%)",28.1974227736963,"nc","Mississippi Valley St.",0.00644004936007064,57.7366750166111,"Baylor",0.993559950639929,89.4827146251064,"Mississippi Valley St.Baylor11-7",2023
"101",2022-11-07,"ASun at ACC","North Carolina St. -23.3, 83-59 (98%)",28.0738808584899,"nc","Austin Peay",0.021627591617484,59.2951530510359,"North Carolina St.",0.978372408382516,82.5991106811828,"Austin PeayNorth Carolina St.11-7",2023
"102",2022-11-07,"Ivy at B10","Rutgers -23.2, 78-55 (98%)",27.9265869684859,"nc","Columbia",0.0168886638783797,54.8259801597712,"Rutgers",0.98311133612162,78.0666080521945,"ColumbiaRutgers11-7",2023
"103",2022-11-07,"SC at ACC","Clemson -23.1, 83-60 (98%)",27.6178399552117,"nc","The Citadel",0.0230704073351446,59.9158108558789,"Clemson",0.976929592664855,82.9856512474524,"The CitadelClemson11-7",2023
"104",2022-11-07,"OVC at B10","Illinois -25.7, 84-58 (99%)",27.1485584505253,"nc","Eastern Illinois",0.0149949023999315,58.49801411859,"Illinois",0.985005097600068,84.1751990570617,"Eastern IllinoisIllinois11-7",2023
"105",2022-11-07,"SWAC at CUSA","UAB -27.7, 86-58 (99%)",27.0487735227079,"nc","Alabama St.",0.0110374643920196,57.99005262624,"UAB",0.98896253560798,85.7273966584927,"Alabama St.UAB11-7",2023
"106",2022-11-07,"Sum at B10","Wisconsin -18.3, 74-56 (96%)",26.4811306146597,"nc","South Dakota",0.0361803894467133,55.5214179431321,"Wisconsin",0.963819610553287,73.8616540548732,"South DakotaWisconsin11-7",2023
"107",2022-11-07,"Slnd at Amer","SMU -12.9, 78-65 (89%)",26.4236226601336,"nc","Texas A&M Commerce",0.110414548389541,64.7812089583577,"SMU",0.889585451610459,77.6686380352097,"Texas A&M CommerceSMU11-7",2023
"108",2022-11-07,"Slnd at BE","Butler -15.5, 77-61 (93%)",26.4205463687095,"nc","New Orleans",0.0700377884690987,61.4215488651839,"Butler",0.929962211530901,76.9102976825894,"New OrleansButler11-7",2023
"109",2022-11-07,"Pat at BE","DePaul -14.2, 79-65 (91%)",26.2966153444395,"nc","Loyola MD",0.0928598604628973,64.8224980590893,"DePaul",0.907140139537103,79.0313425653598,"Loyola MDDePaul11-7",2023
"110",2022-11-07,"CAA at SEC","Florida -19.3, 75-56 (97%)",24.5074907794219,"nc","Stony Brook",0.0324715933774355,56.1911329713236,"Florida",0.967528406622564,75.4841251011544,"Stony BrookFlorida11-7",2023
"111",2022-11-07,"NEC at Amer","Temple -13.7, 67-54 (93%)",24.2398498104738,"nc","Wagner",0.0678074458581781,53.6355298614013,"Temple",0.932192554141822,67.3641670840862,"WagnerTemple11-7",2023
"112",2022-11-07,"NEC at A10","St. Bonaventure -11.9, 76-64 (88%)",24.1683052268946,"nc","St. Francis PA",0.123368968038031,63.8255922151649,"St. Bonaventure",0.876631031961969,75.6916505415418,"St. Francis PASt. Bonaventure11-7",2023
"113",2022-11-07,"OVC at MVC","Southern Illinois -14.1, 76-62 (91%)",23.9198358192551,"nc","Little Rock",0.0872374182885191,62.1489584586765,"Southern Illinois",0.912762581711481,76.2253643638941,"Little RockSouthern Illinois11-7",2023
"114",2022-11-07,"SWAC at P12","Oregon -25.7, 78-52 (99%)",23.3500600268641,"nc","Florida A&M",0.00977885356469345,52.0776908683065,"Oregon",0.990221146435307,77.810494647023,"Florida A&MOregon11-7",2023
"115",2022-11-07,"MEAC at ACC","Virginia Tech -25.1, 84-58 (98%)",22.2044244698367,"nc","Delaware St.",0.0161477508600938,58.4732917847465,"Virginia Tech",0.983852249139906,83.5909180368072,"Delaware St.Virginia Tech11-7",2023
"116",2022-11-07,"Slnd at CUSA","FIU -16.9, 89-72 (92%)",22.057662737679,"nc","Houston Christian",0.0822268534748471,72.4830589043195,"FIU",0.917773146525153,89.4010759450331,"Houston ChristianFIU11-7",2023
"117",2022-11-07,"OVC at A10","Dayton -21.4, 76-54 (98%)",21.6524483452408,"nc","Lindenwood",0.0216111108433285,54.3426054123904,"Dayton",0.978388889156671,75.7052605241959,"LindenwoodDayton11-7",2023
"118",2022-11-07,"Horz at B12","Iowa St. -27.5, 79-52 (99%)",21.0180969077724,"nc","IUPUI",0.00748666788135233,51.9647978826183,"Iowa St.",0.992513332118648,79.4822072443009,"IUPUIIowa St.11-7",2023
"119",2022-11-07,"MEAC at CUSA","Charlotte -18.8, 79-60 (96%)",20.9707905916188,"nc","Coppin St.",0.0413917965007753,59.9465402784768,"Charlotte",0.958608203499225,78.7836368095013,"Coppin St.Charlotte11-7",2023
"120",2022-11-07,"MAC at B10","Minnesota -11.7, 75-63 (88%)",20.9142326592195,"nc","Western Michigan",0.124566132356212,63.1407726447265,"Minnesota",0.875433867643788,74.8077695685624,"Western MichiganMinnesota11-7",2023
"121",2022-11-07,"NEC at A10","Massachusetts -12.5, 75-63 (89%)",20.7623924740776,"nc","Central Connecticut",0.109434309408136,62.5549909455858,"Massachusetts",0.890565690591864,75.0649089098256,"Central ConnecticutMassachusetts11-7",2023
"122",2022-11-07,"MVC at MAC","Miami OH -10.5, 75-65 (85%)",20.6739834601222,"nc","Evansville",0.151799226637046,64.9390570643428,"Miami OH",0.848200773362954,75.4192869680244,"EvansvilleMiami OH11-7",2023
"123",2022-11-07,"AE at CAA","Towson -18.2, 79-61 (95%)",18.959089126723,"nc","Albany",0.0479631612118445,61.2274345824384,"Towson",0.952036838788156,79.3950702368367,"AlbanyTowson11-7",2023
"124",2022-11-07,"Horz at MVC","Indiana St. -25.2, 84-59 (98%)",18.4639756849362,"nc","Green Bay",0.0164972111219053,59.0190552927012,"Indiana St.",0.983502788878095,84.2115816491686,"Green BayIndiana St.11-7",2023
"125",2022-11-07,"NEC at P12","Utah -32.4, 87-55 (100%)",17.885919674112,"nc","LIU Brooklyn",0.00490221335923472,55.1122557427262,"Utah",0.995097786640765,87.4778420433372,"LIU BrooklynUtah11-7",2023
"126",2022-11-07,"SC at A10","Richmond -16.6, 77-60 (94%)",15.6745481667878,"nc","VMI",0.0563564385005073,59.9322009492504,"Richmond",0.943643561499493,76.5743328838049,"VMIRichmond11-7",2023
"127",2022-11-07,"D2 at CUSA","Florida Atlantic (100%)",8.56713231311735,"nond1","Lynn",0.00035756998900661,47.142101314432,"Florida Atlantic",0.999642430010993,93.9946564224182,"LynnFlorida Atlantic11-7",2023
"128",2022-11-07,"D2 at Amer","Cincinnati (100%)",6.63351801725941,"nond1","Chaminade",0.00054680368700591,48.7110294751531,"Cincinnati",0.999453196312994,93.5994904452475,"ChaminadeCincinnati11-7",2023
"129",2022-11-07,"D2 at ASun","Liberty (100%)",3.67103403159938,"nond1","Regent",0.00056558866105272,45.769153127228,"Liberty",0.999434411338947,87.6885230653396,"RegentLiberty11-7",2023
"130",2022-11-07,"D2 at SB","Louisiana Lafayette (100%)",3.09581643034618,"nond1","Centenary",0.00098374336949166,50.6677703822906,"Louisiana Lafayette",0.999016256630508,92.5088244422064,"CentenaryLouisiana Lafayette11-7",2023
"131",2022-11-07,"D2 at SC","Furman (100%)",2.23799033489463,"nond1","North Greenville",0.00114786493640958,52.1646575239357,"Furman",0.99885213506359,93.9711749913779,"North GreenvilleFurman11-7",2023
"132",2022-11-07,"D2 at BW","UC Irvine (100%)",2.22155372317856,"nond1","Chapman",0.00122745449754464,50.1804370106485,"UC Irvine",0.998772545502455,89.8706786601972,"ChapmanUC Irvine11-7",2023
"133",2022-11-07,"D2 at Ivy","Yale (100%)",2.00581641477171,"nond1","Sarah Lawrence",0.0008701101790775,47.1112968351012,"Yale",0.999129889820922,86.9393049398763,"Sarah LawrenceYale11-7",2023
"134",2022-11-07,"D2 at SB","James Madison (100%)",1.85801191821152,"nond1","Valley Forge",0.00145903725536578,51.3698714282611,"James Madison",0.998540962744634,90.6267199159425,"Valley ForgeJames Madison11-7",2023
"135",2022-11-07,"D2 at CUSA","North Texas (100%)",1.23384565597379,"nond1","Southern Nazarene",0.00042495308315862,40.1946981641353,"North Texas",0.999575046916841,78.9478778631935,"Southern NazareneNorth Texas11-7",2023
"136",2022-11-07,"D2 at SB","Southern Miss (100%)",1.11784955963375,"nond1","William Carey",0.00133740722169008,49.8250361788744,"Southern Miss",0.99866259277831,88.5701128980634,"William CareySouthern Miss11-7",2023
"137",2022-11-07,"D2 at ASun","Kennesaw St. (100%)",0.477072535082243,"nond1","LaGrange",0.00147632831062084,50.0993515854537,"Kennesaw St.",0.998523671689379,88.2946349214588,"LaGrangeKennesaw St.11-7",2023
"138",2022-11-07,"D2 at AE","UMass Lowell (100%)",0.302043429896948,"nond1","Fisher",0.00157337946197756,51.5032841690753,"UMass Lowell",0.998426620538022,90.2670124405686,"FisherUMass Lowell11-7",2023
"139",2022-11-07,"D2 at MVC","Bradley (100%)",0.287610868338309,"nond1","Wis.-Parkside",0.00104664516366218,46.5299339282755,"Bradley",0.998953354836338,84.4968970796632,"Wis.-ParksideBradley11-7",2023
"140",2022-11-07,"D2 at ASun","Eastern Kentucky (100%)",-1.05094733713096,"nond1","Miami-Middletown",0.00222830992702155,52.3300957140658,"Eastern Kentucky",0.997771690072978,88.9770702184973,"Miami-MiddletownEastern Kentucky11-7",2023
"141",2022-11-07,"D2 at CUSA","Middle Tennessee (100%)",-1.09971790047322,"nond1","Brescia",0.00161195634822478,49.3797072740091,"Middle Tennessee",0.998388043651775,86.362743927391,"BresciaMiddle Tennessee11-7",2023
"142",2022-11-07,"D2 at WAC","Stephen F. Austin (100%)",-1.1389717736586,"nond1","LeTourneau",0.00209307132478287,51.342597314135,"Stephen F. Austin",0.997906928675217,87.7756410116218,"LeTourneauStephen F. Austin11-7",2023
"143",2022-11-07,"D2 at SC","UNC Greensboro (100%)",-1.16425836345788,"nond1","JWU (Charlotte)",0.0014011414060014,46.764646337412,"UNC Greensboro",0.998598858593999,82.7935884586247,"JWU (Charlotte)UNC Greensboro11-7",2023
"144",2022-11-07,"D2 at WCC","Portland (100%)",-1.38594303977176,"nond1","Lewis & Clark",0.00226306240940823,54.6249046514629,"Portland",0.997736937590592,92.7537591232821,"Lewis & ClarkPortland11-7",2023
"145",2022-11-07,"D2 at WCC","Loyola Marymount (100%)",-1.4154142880046,"nond1","LIFE Pacific",0.00178484006874216,50.9721565087342,"Loyola Marymount",0.998215159931258,88.3602443695976,"LIFE PacificLoyola Marymount11-7",2023
"146",2022-11-07,"D2 at SC","Samford (100%)",-1.9284305910905,"nond1","Anderson SC",0.00212009766960432,52.2919801749079,"Samford",0.997879902330396,89.2988224320908,"Anderson SCSamford11-7",2023
"147",2022-11-07,"D2 at SB","Troy (100%)",-2.56399389018777,"nond1","Montevallo",0.00226492593150119,50.1154820868527,"Troy",0.997735074068499,85.0905998143396,"MontevalloTroy11-7",2023
"148",2022-11-07,"D2 at ACC","Georgia Tech (100%)",-2.67094412561456,"nond1","Clayton St.",0.00201388202260543,49.5859705376262,"Georgia Tech",0.997986117977395,85.0578716663846,"Clayton St.Georgia Tech11-7",2023
"149",2022-11-07,"D2 at BW","UC Santa Barbara (100%)",-2.76157302594048,"nond1","San Francisco St.",0.00168008905773114,49.7204825672385,"UC Santa Barbara",0.998319910942269,86.6457540274463,"San Francisco St.UC Santa Barbara11-7",2023
"150",2022-11-07,"D2 at AE","Bryant (100%)",-2.8738387123549,"nond1","Thomas (ME)",0.00391443474932676,55.8818563337081,"Bryant",0.996085565250673,90.4598435208349,"Thomas (ME)Bryant11-7",2023
"151",2022-11-07,"D2 at A10","Davidson (100%)",-3.04516030111474,"nond1","Guilford",0.00187058992329306,49.3335885080593,"Davidson",0.998129410076707,85.17090296002,"GuilfordDavidson11-7",2023
"152",2022-11-07,"D2 at A10","George Washington (100%)",-3.93933605878519,"nond1","Virginia St.",0.00325514105309425,55.621549214924,"George Washington",0.996744858946906,91.4993961888651,"Virginia St.George Washington11-7",2023
"153",2022-11-07,"D2 at MWC","Wyoming (100%)",-4.01321632220622,"nond1","Colorado Christian",0.00229793786351806,50.3842256766223,"Wyoming",0.997702062136482,85.4390779381273,"Colorado ChristianWyoming11-7",2023
"154",2022-11-07,"D2 at MAC","Ball St. (100%)",-4.02665669771666,"nond1","Earlham",0.00276428879179331,52.7161520926991,"Ball St.",0.997235711208207,87.9650538092658,"EarlhamBall St.11-7",2023
"155",2022-11-07,"D2 at MWC","Fresno St. (100%)",-4.08566020362896,"nond1","Fresno Pacific",0.00190218957487479,46.7728705728201,"Fresno St.",0.998097810425125,80.632244062441,"Fresno PacificFresno St.11-7",2023
"156",2022-11-07,"D2 at CUSA","Louisiana Tech (100%)",-4.29329275533714,"nond1","Mississippi Col.",0.00267254778419529,50.7532701178717,"Louisiana Tech",0.997327452215805,84.9392803605682,"Mississippi Col.Louisiana Tech11-7",2023
"157",2022-11-07,"D2 at WAC","New Mexico St. (100%)",-4.32305101172182,"nond1","N.M. Highlands",0.00356684537237991,53.6032100109548,"New Mexico St.",0.99643315462762,87.478373851667,"N.M. HighlandsNew Mexico St.11-7",2023
"158",2022-11-07,"D2 at Horz","Milwaukee (100%)",-4.36166252290948,"nond1","MSOE",0.00498061210923675,56.1118099057983,"Milwaukee",0.995019387890763,88.9409985433186,"MSOEMilwaukee11-7",2023
"159",2022-11-07,"D2 at SB","Appalachian St. (100%)",-4.60116930955137,"nond1","Warren Wilson",0.00233500087947845,47.5350743871839,"Appalachian St.",0.997664999120522,80.4952954106309,"Warren WilsonAppalachian St.11-7",2023
"160",2022-11-07,"Ivy at D2","Harvard (100%)",-4.78388661787093,"nond1","Harvard",0.990442569004753,76.0900355525082,"Morehouse",0.00955743099524675,50.8238955627033,"HarvardMorehouse11-7",2023
"161",2022-11-07,"D2 at SWAC","Grambling St. (100%)",-5.05801016252801,"nond1","North Texas-Dallas",0.00282728183837596,47.8185586556973,"Grambling St.",0.997172718161624,79.6360364458843,"North Texas-DallasGrambling St.11-7",2023
"162",2022-11-07,"D2 at Horz","Cleveland St. (100%)",-5.10301453425276,"nond1","Notre Dame OH",0.00271487107512745,49.7973113519436,"Cleveland St.",0.997285128924872,83.2253196359168,"Notre Dame OHCleveland St.11-7",2023
"163",2022-11-07,"D2 at WCC","San Diego (100%)",-5.24496469637676,"nond1","Sonoma St.",0.0039389076950198,56.4183959399792,"San Diego",0.99606109230498,91.2786997518535,"Sonoma St.San Diego11-7",2023
"164",2022-11-07,"D2 at MVC","Northern Iowa (100%)",-6.23354220402712,"nond1","Wartburg",0.00404697432442655,52.2300733517715,"Northern Iowa",0.995953025675573,84.3030147913432,"WartburgNorthern Iowa11-7",2023
"165",2022-11-07,"D2 at Pat","Army (100%)",-6.56702970695407,"nond1","Keystone",0.00490044446555219,53.8358887866508,"Army",0.995099555534448,85.4546023830954,"KeystoneArmy11-7",2023
"166",2022-11-07,"D2 at MAC","Northern Illinois (100%)",-6.76851061435512,"nond1","Ill. Springfield",0.00535704619468902,53.2869445503103,"Northern Illinois",0.994642953805311,83.9271964618396,"Ill. SpringfieldNorthern Illinois11-7",2023
"167",2022-11-07,"D2 at CAA","Delaware (100%)",-7.24484441856982,"nond1","Wilmington DE",0.00463431339247075,52.2944143879979,"Delaware",0.995365686607529,83.413755544924,"Wilmington DEDelaware11-7",2023
"168",2022-11-07,"D2 at CUSA","UTSA (100%)",-7.37967991923343,"nond1","Trinity (TX)",0.00595668733562176,55.144578865832,"UTSA",0.994043312664378,86.0508257245231,"Trinity (TX)UTSA11-7",2023
"169",2022-11-07,"D2 at ASun","North Alabama (100%)",-7.44522408685324,"nond1","Oakwood",0.00564902485514491,54.6122435114843,"North Alabama",0.994350975144855,85.6163375202929,"OakwoodNorth Alabama11-7",2023
"170",2022-11-07,"D2 at OVC","SIU Edwardsville (100%)",-7.45413763725081,"nond1","Harris-Stowe",0.00617413842487153,53.5715810776781,"SIU Edwardsville",0.993825861575128,83.3344111812951,"Harris-StoweSIU Edwardsville11-7",2023
"171",2022-11-07,"D2 at OVC","Tennessee St. (100%)",-7.56583157860594,"nond1","Fisk",0.00727676693608345,56.2642728662116,"Tennessee St.",0.992723233063916,86.2730784375924,"FiskTennessee St.11-7",2023
"172",2022-11-07,"D2 at BSth","USC Upstate (100%)",-7.58921330466595,"nond1","Brevard",0.00540567124386494,51.6071132492589,"USC Upstate",0.994594328756135,81.2172685606645,"BrevardUSC Upstate11-7",2023
"173",2022-11-07,"D2 at BSth","High Point (100%)",-7.73628595393664,"nond1","Pfeiffer",0.00845270061994795,57.4371095159341,"High Point",0.991547299380052,86.9227118986942,"PfeifferHigh Point11-7",2023
"174",2022-11-07,"D2 at MEAC","Norfolk St. (100%)",-7.77474066467917,"nond1","Virginia-Lynchburg",0.00410854926439464,51.8307555387928,"Norfolk St.",0.995891450735605,83.5482600113033,"Virginia-LynchburgNorfolk St.11-7",2023
"175",2022-11-07,"D2 at Slnd","Southeastern Louisiana (100%)",-7.80651194878834,"nond1","Loyola LA",0.00614698283233003,55.3102314483839,"Southeastern Louisiana",0.99385301716767,86.0721955201878,"Loyola LASoutheastern Louisiana11-7",2023
"176",2022-11-07,"D2 at ASun","Jacksonville St. (100%)",-8.14796035592337,"nond1","Shorter",0.00447856462615167,50.6336470131742,"Jacksonville St.",0.995521435373848,81.0062436651489,"ShorterJacksonville St.11-7",2023
"177",2022-11-07,"D2 at BSth","Campbell (100%)",-8.54777680912854,"nond1","Saint Augustine's",0.0041587102792144,50.8914438261138,"Campbell",0.995841289720786,81.9472652316356,"Saint Augustine'sCampbell11-7",2023
"178",2022-11-07,"D2 at MVC","Illinois Chicago (100%)",-8.70519464394712,"nond1","Trinity Christian",0.00760332153176917,54.0218470743252,"Illinois Chicago",0.992396678468231,82.516684967621,"Trinity ChristianIllinois Chicago11-7",2023
"179",2022-11-07,"D2 at SWAC","Prairie View A&M (100%)",-9.01055657381072,"nond1","Kansas Christian",0.0070026419671595,50.2261958027702,"Prairie View A&M",0.99299735803284,77.2740065982299,"Kansas ChristianPrairie View A&M11-7",2023
"180",2022-11-07,"D2 at SC","Wofford (100%)",-9.03685600158639,"nond1","Bob Jones",0.00489335646346125,53.932108122346,"Wofford",0.995106643536539,85.6181616070035,"Bob JonesWofford11-7",2023
"181",2022-11-07,"D2 at SC","East Tennessee St. (100%)",-9.1361431336046,"nond1","Emory & Henry",0.00563064323275446,51.3954912409626,"East Tennessee St.",0.994369356767246,80.5963607326857,"Emory & HenryEast Tennessee St.11-7",2023
"182",2022-11-07,"D2 at Horz","Oakland (100%)",-9.1441453060005,"nond1","Defiance",0.00743354712718858,55.7555742585991,"Oakland",0.992566452872811,85.3335673037878,"DefianceOakland11-7",2023
"183",2022-11-07,"D2 at SB","Coastal Carolina (100%)",-10.1525785669742,"nond1","St. Mary's MD",0.00830395619537558,56.5203288347173,"Coastal Carolina",0.991696043804624,85.6685682415636,"St. Mary's MDCoastal Carolina11-7",2023
"184",2022-11-07,"D2 at CAA","North Carolina A&T (100%)",-10.570971959574,"nond1","Edward Waters",0.0119791636679047,56.4028809805576,"North Carolina A&T",0.988020836332095,82.7826861211089,"Edward WatersNorth Carolina A&T11-7",2023
"185",2022-11-07,"D2 at MAC","Eastern Michigan (100%)",-10.6355802835043,"nond1","Wayne St. (MI)",0.0106899800727051,57.2569961779398,"Eastern Michigan",0.989310019927295,84.8820766555868,"Wayne St. (MI)Eastern Michigan11-7",2023
"186",2022-11-07,"D2 at Pat","Bucknell (100%)",-10.6512025853372,"nond1","Lebanon Valley",0.00809779716661568,52.9079502013653,"Bucknell",0.991902202833384,80.3701945498713,"Lebanon ValleyBucknell11-7",2023
"187",2022-11-07,"D2 at SB","Georgia St. (100%)",-10.6876290676598,"nond1","Coastal Georgia",0.00846428463084708,52.3928492617091,"Georgia St.",0.991535715369153,79.2794352692487,"Coastal GeorgiaGeorgia St.11-7",2023
"188",2022-11-07,"D2 at AE","Binghamton (100%)",-11.9029011521212,"nond1","Cazenovia",0.00929551897234629,52.6655000546534,"Binghamton",0.990704481027654,79.0397184930025,"CazenoviaBinghamton11-7",2023
"189",2022-11-07,"D2 at AE","New Hampshire (100%)",-11.9177046046191,"nond1","Brandeis",0.00752662551058181,49.3816412273229,"New Hampshire",0.992473374489418,75.495950138181,"BrandeisNew Hampshire11-7",2023
"190",2022-11-07,"D2 at BSth","Charleston Southern (100%)",-12.1943398347679,"nond1","Toccoa Falls",0.00883116202883301,55.0784873380811,"Charleston Southern",0.991168837971167,83.0336558589873,"Toccoa FallsCharleston Southern11-7",2023
"191",2022-11-07,"D2 at BW","Cal Poly (100%)",-12.4156109898517,"nond1","Bethesda (CA)",0.00835782291251151,48.033527894181,"Cal Poly",0.991642177087488,72.7637509481624,"Bethesda (CA)Cal Poly11-7",2023
"192",2022-11-07,"D2 at CAA","Elon (100%)",-12.6355625508244,"nond1","Erskine",0.0107811323101059,53.1529795042602,"Elon",0.989218867689894,78.7391858077639,"ErskineElon11-7",2023
"193",2022-11-07,"D2 at SB","Arkansas St. (100%)",-12.847556412453,"nond1","Harding",0.00777397859008173,50.1819433783534,"Arkansas St.",0.992226021409918,76.5024008962412,"HardingArkansas St.11-7",2023
"194",2022-11-07,"D2 at BW","Cal St. Bakersfield (100%)",-13.3161593884527,"nond1","San Diego Christian",0.0086764508841889,47.8818321415812,"Cal St. Bakersfield",0.991323549115811,72.2963322362948,"San Diego ChristianCal St. Bakersfield11-7",2023
"195",2022-11-07,"D2 at Slnd","McNeese St. (100%)",-13.770277023476,"nond1","Champion Chris.",0.0130618250671054,54.4693092464902,"McNeese St.",0.986938174932895,79.3379715452248,"Champion Chris.McNeese St.11-7",2023
"196",2022-11-07,"D2 at BW","Cal St. Northridge (100%)",-14.1006633962171,"nond1","La Sierra",0.0129551530620202,51.6482853169135,"Cal St. Northridge",0.98704484693798,75.2833426092663,"La SierraCal St. Northridge11-7",2023
"197",2022-11-07,"D2 at Sum","UMKC (100%)",-15.2104733312394,"nond1","Lincoln (MO)",0.0136577324402161,50.4309950010453,"UMKC",0.986342267559784,73.1676645317986,"Lincoln (MO)UMKC11-7",2023
"198",2022-11-07,"D2 at BSth","Presbyterian (100%)",-15.5520860307685,"nond1","CarolinaU",0.0160441855181091,51.1827613258228,"Presbyterian",0.983955814481891,73.2103068955394,"CarolinaUPresbyterian11-7",2023
"199",2022-11-07,"D2 at NEC","St. Francis NY (100%)",-15.963059575832,"nond1","Mt. St. Mary (NY)",0.0214090016526365,52.428291375673,"St. Francis NY",0.978590998347364,73.0994228357855,"Mt. St. Mary (NY)St. Francis NY11-7",2023
"200",2022-11-07,"D2 at Slnd","Lamar (100%)",-17.0595376898991,"nond1","St. Thomas Houston",0.0245773185478955,54.8858952349353,"Lamar",0.975422681452104,75.5917712941786,"St. Thomas HoustonLamar11-7",2023
"201",2022-11-08,"BSky at A10","Duquesne -6.6, 73-67 (75%)",45.4727140051521,"nc","Montana",0.251595333956489,66.7539690331104,"Duquesne",0.748404666043511,73.3914145666237,"MontanaDuquesne11-8",2023
"202",2022-11-08,"SC at Amer","East Carolina -4.5, 66-62 (69%)",42.6789203992479,"nc","Mercer",0.306423249325141,61.5923929118513,"East Carolina",0.693576750674859,66.1267056050654,"MercerEast Carolina11-8",2023
"203",2022-11-08,"Horz at B10","Purdue -24.3, 85-61 (98%)",41.744587676825,"nc","Milwaukee",0.0204784663485455,60.7614525637798,"Purdue",0.979521533651455,85.0531606572166,"MilwaukeePurdue11-8",2023
"204",2022-11-08,"SB at MWC","San Jose St. -8.3, 67-59 (82%)",39.1646249684086,"nc","Georgia Southern",0.179532432198287,58.546186252432,"San Jose St.",0.820467567801713,66.8163623346061,"Georgia SouthernSan Jose St.11-8",2023
"205",2022-11-08,"MAAC at BE","Providence -15.6, 80-64 (92%)",37.1047889455954,"nc","Rider",0.0757914112361549,64.0554404245026,"Providence",0.924208588763845,79.6166405160767,"RiderProvidence11-8",2023
"206",2022-11-08,"MEAC at BE","Georgetown -14.7, 86-71 (90%)",25.1846566033377,"nc","Coppin St.",0.103242501312452,71.2902435707119,"Georgetown",0.896757498687548,86.0332473609514,"Coppin St.Georgetown11-8",2023
"207",2022-11-08,"MEAC at SEC","South Carolina -13.2, 80-67 (89%)",21.6608680130009,"nc","South Carolina St.",0.111273858213627,66.5671309538525,"South Carolina",0.888726141786373,79.7493613628944,"South Carolina St.South Carolina11-8",2023
"208",2022-11-08,"NEC at ind","Sacred Heart -5.0, 71-66 (70%)",18.8336690278988,"nc","Sacred Heart",0.69800109407328,71.2735346621218,"Hartford",0.30199890592672,66.2657477593348,"Sacred HeartHartford11-8",2023
"209",2022-11-08,"D2 at Horz","Detroit (100%)",-6.43976461348399,"nond1","Rochester Univ. (MI)",0.00403609674843336,55.3890975644522,"Detroit",0.995963903251567,89.4229131323069,"Rochester Univ. (MI)Detroit11-8",2023
"210",2022-11-08,"AE at D2","Albany (100%)",-12.3492560873552,"nond1","Albany",0.940747243455234,76.0186451674412,"Immaculata",0.0592527565447659,59.7731068550238,"AlbanyImmaculata11-8",2023
"211",2022-11-09,"A10 at Horz","Wright St. -0.2, 74-73 (51%)",62.4343634466427,"nc","Davidson",0.493429499717072,72.8460041393739,"Wright St.",0.506570500282928,73.0126857597413,"DavidsonWright St.11-9",2023
"212",2022-11-09,"ASun at WCC","San Diego -3.0, 77-74 (61%)",49.5668920500487,"nc","Florida Gulf Coast",0.388687871389172,73.8879370242526,"San Diego",0.611312128610828,76.8554352795355,"Florida Gulf CoastSan Diego11-9",2023
"213",2022-11-09,"ASun at Sum","Lipscomb -4.0, 74-71 (65%)",43.0328688993144,"nc","Lipscomb",0.651789816218657,74.4568568076202,"South Dakota",0.348210183781343,70.5065371500311,"LipscombSouth Dakota11-9",2023
"214",2022-11-09,"Sum at MWC","Boise St. -14.6, 75-61 (92%)",39.612659574893,"nc","South Dakota St.",0.0773977061787422,60.5801582924966,"Boise St.",0.922602293821258,75.1485368119822,"South Dakota St.Boise St.11-9",2023
"215",2022-11-09,"ASun at ACC","Louisville -2.8, 67-64 (62%)",38.2137702250986,"nc","Bellarmine",0.377893615939237,63.8461424031146,"Louisville",0.622106384060763,66.6745853307011,"BellarmineLouisville11-9",2023
"216",2022-11-09,"OVC at Horz","Youngstown St. -12.2, 86-74 (85%)",34.4559267329479,"nc","Tennessee Martin",0.147535517392758,73.9736982223922,"Youngstown St.",0.852464482607242,86.1626495138934,"Tennessee MartinYoungstown St.11-9",2023
"217",2022-11-09,"Pat at MAAC","Marist -3.7, 64-60 (67%)",33.0404408806233,"nc","American",0.334870990753741,60.2720048628885,"Marist",0.665129009246259,63.9780719058167,"AmericanMarist11-9",2023
"218",2022-11-09,"CAA at BE","Seton Hall -23.1, 77-54 (98%)",24.7680073927044,"nc","Monmouth",0.0166747378061062,54.2572079531337,"Seton Hall",0.983325262193894,77.3438843024294,"MonmouthSeton Hall11-9",2023
"219",2022-11-09,"CAA at SB","James Madison -21.0, 86-65 (96%)",23.9890193444294,"nc","Hampton",0.0388055723272995,65.2978288529736,"James Madison",0.9611944276727,86.3195024400681,"HamptonJames Madison11-9",2023
"220",2022-11-09,"Horz at MVC","Drake -27.1, 84-57 (99%)",20.8717573326528,"nc","IUPUI",0.0110773649476291,56.6647157943071,"Drake",0.988922635052371,83.7415605725202,"IUPUIDrake11-9",2023
"221",2022-11-09,"Sum at SEC","LSU -13.5, 71-57 (92%)",20.7349989712156,"nc","UMKC",0.0808074350585299,57.1761411268917,"LSU",0.91919256494147,70.637778194894,"UMKCLSU11-9",2023
"222",2022-11-09,"SWAC at WCC","Portland -18.3, 79-60 (95%)",17.958338343267,"nc","Florida A&M",0.0459136739178257,60.4694392794738,"Portland",0.954086326082174,78.7252089557161,"Florida A&MPortland11-9",2023
"223",2022-11-09,"D2 at WAC","Utah Valley (100%)",6.21300749363612,"nond1","Western Colo.",0.0006380500947925,48.1823116560859,"Utah Valley",0.999361949905208,91.3486732308687,"Western Colo.Utah Valley11-9",2023
"224",2022-11-09,"D2 at SB","South Alabama (100%)",0.968318089609142,"nond1","Mobile",0.000986076357428,47.5212013021768,"South Alabama",0.999013923642572,86.7459557640971,"MobileSouth Alabama11-9",2023
"225",2022-11-09,"D2 at BW","UC Davis (100%)",-1.6078886671443,"nond1","Cal Maritime",0.00264915445944369,52.8435545230819,"UC Davis",0.997350845540556,88.5053396647444,"Cal MaritimeUC Davis11-9",2023
"226",2022-11-09,"D2 at WAC","Grand Canyon (100%)",-1.74175389193863,"nond1","San Diego Christian",0.00150207557681227,50.1479985754403,"Grand Canyon",0.998497924423188,88.2473959613625,"San Diego ChristianGrand Canyon11-9",2023
"227",2022-11-09,"D2 at WAC","Seattle (100%)",-2.32015963949209,"nond1","Puget Sound",0.00245361033167537,49.9120825767445,"Seattle",0.997546389668325,84.1562440012423,"Puget SoundSeattle11-9",2023
"228",2022-11-09,"D2 at MEAC","Howard (100%)",-4.90665582430375,"nond1","District of Columbia",0.00392426822912303,53.4982455585108,"Howard",0.996075731770877,86.5823610521453,"District of ColumbiaHoward11-9",2023
"229",2022-11-09,"D2 at MVC","Missouri St. (100%)",-6.30567824938064,"nond1","Missouri S&T",0.00221516817032787,46.1942919474575,"Missouri St.",0.997784831829672,78.5848387761865,"Missouri S&TMissouri St.11-9",2023
"230",2022-11-09,"D2 at MEAC","Norfolk St. (100%)",-7.77474066467917,"nond1","Cairn",0.00410854926439464,51.8307555387928,"Norfolk St.",0.995891450735605,83.5482600113033,"CairnNorfolk St.11-9",2023
"231",2022-11-09,"D2 at NEC","Fairleigh Dickinson (100%)",-8.25202508481456,"nond1","Mercy",0.00644521134285695,57.4254419177521,"Fairleigh Dickinson",0.993554788657143,88.9941117637503,"MercyFairleigh Dickinson11-9",2023
"232",2022-11-09,"D2 at Horz","Robert Morris (100%)",-8.34103718462815,"nond1","Pitt.-Greensburg",0.00511640007039628,49.9226857809627,"Robert Morris",0.994883599929604,78.9450137879262,"Pitt.-GreensburgRobert Morris11-9",2023
"233",2022-11-09,"D2 at BSth","Winthrop (100%)",-8.42742918105976,"nond1","Piedmont",0.00542512020330512,55.7657931827275,"Winthrop",0.994574879796695,87.7344845778728,"PiedmontWinthrop11-9",2023
"234",2022-11-09,"D2 at SWAC","Prairie View A&M (100%)",-9.01055657381072,"nond1","North American",0.0070026419671595,50.2261958027702,"Prairie View A&M",0.99299735803284,77.2740065982299,"North AmericanPrairie View A&M11-9",2023
"235",2022-11-09,"D2 at SWAC","Arkansas Pine Bluff (100%)",-10.3397378365247,"nond1","Champion Chris.",0.011524489561641,54.3406456889432,"Arkansas Pine Bluff",0.988475510438359,80.0279482788415,"Champion Chris.Arkansas Pine Bluff11-9",2023
"236",2022-11-09,"D2 at Sum","Western Illinois (100%)",-11.4583667531149,"nond1","Rockford",0.00907132769446687,54.3132649033479,"Western Illinois",0.990928672305533,81.6875007908347,"RockfordWestern Illinois11-9",2023
"237",2022-11-10,"Pat at Ivy","Colgate -0.1, 74-73 (50%)",66.6033952713921,"nc","Colgate",0.504182493242458,73.0098338601116,"Brown",0.495817506757542,72.9036953423274,"ColgateBrown11-10",2023
"238",2022-11-10,"CAA at A10","Towson -1.3, 70-69 (55%)",58.0616578519595,"nc","Towson",0.551673767801981,70.1898686330973,"Massachusetts",0.448326232198019,68.9351420040302,"TowsonMassachusetts11-10",2023
"239",2022-11-10,"CUSA at ASun","Eastern Kentucky -5.4, 75-69 (70%)",49.5682204761899,"nc","Western Kentucky",0.297927909921562,69.4291088926418,"Eastern Kentucky",0.702072090078438,74.8019536353028,"Western KentuckyEastern Kentucky11-10",2023
"240",2022-11-10,"BW at WCC","Loyola Marymount -5.7, 75-69 (71%)",49.2149119183813,"nc","UC Riverside",0.287470460049463,68.9003313112363,"Loyola Marymount",0.712529539950537,74.5590576323529,"UC RiversideLoyola Marymount11-10",2023
"241",2022-11-10,"ASun at SWAC","Alabama A&M -0.3, 73-72 (51%)",49.1257985402344,"nc","North Alabama",0.48898896947754,71.6678872425519,"Alabama A&M",0.51101103052246,71.9429406301065,"North AlabamaAlabama A&M11-10",2023
"242",2022-11-10,"MEAC at SB","Appalachian St. -4.0, 65-61 (68%)",48.5959539013803,"nc","North Carolina Central",0.324764343376157,61.3884954300096,"Appalachian St.",0.675235656623843,65.4228319634652,"North Carolina CentralAppalachian St.11-10",2023
"243",2022-11-10,"AE at WCC","Saint Mary's -12.1, 67-55 (91%)",47.5467292482205,"nc","Vermont",0.0936279487920175,55.2318799560376,"Saint Mary's",0.906372051207982,67.2853238730775,"VermontSaint Mary's11-10",2023
"244",2022-11-10,"BSth at ACC","Notre Dame -5.3, 69-64 (72%)",44.6330030683845,"nc","Radford",0.284454645676755,63.6754243304485,"Notre Dame",0.715545354323245,68.9935877076886,"RadfordNotre Dame11-10",2023
"245",2022-11-10,"BSth at WAC","Stephen F. Austin -6.6, 70-64 (76%)",43.6427328443648,"nc","Gardner Webb",0.241894773442718,63.6117799086739,"Stephen F. Austin",0.758105226557282,70.2549516903613,"Gardner WebbStephen F. Austin11-10",2023
"246",2022-11-10,"MVC at B12","Oklahoma St. -10.8, 66-55 (89%)",43.1643888125351,"nc","Southern Illinois",0.113304480101155,55.034165872382,"Oklahoma St.",0.886695519898845,65.8158396193384,"Southern IllinoisOklahoma St.11-10",2023
"247",2022-11-10,"Horz at Amer","Cincinnati -13.4, 77-63 (90%)",43.0644107994086,"nc","Cleveland St.",0.0995158891822896,63.355374306608,"Cincinnati",0.90048411081771,76.7299024354438,"Cleveland St.Cincinnati11-10",2023
"248",2022-11-10,"SB at WCC","Santa Clara -11.5, 76-64 (87%)",43.0384369420684,"nc","Georgia Southern",0.13071863385991,64.0470912961143,"Santa Clara",0.86928136614009,75.5177819605403,"Georgia SouthernSanta Clara11-10",2023
"249",2022-11-10,"Sum at B12","Kansas -22.4, 84-62 (97%)",41.8715442925714,"nc","North Dakota St.",0.0275858233155333,61.7548106399501,"Kansas",0.972414176684467,84.179610154489,"North Dakota St.Kansas11-10",2023
"250",2022-11-10,"MAAC at NEC","Quinnipiac -4.6, 72-67 (68%)",39.9468890581705,"nc","Quinnipiac",0.680328631706226,72.0182326712873,"Stonehill",0.319671368293774,67.4402878579003,"QuinnipiacStonehill11-10",2023
"251",2022-11-10,"BSky at P12","Arizona St. -15.5, 80-64 (92%)",39.1521841940282,"nc","Northern Arizona",0.0768595387768144,64.2142626133524,"Arizona St.",0.923140461223186,79.7089619006441,"Northern ArizonaArizona St.11-10",2023
"252",2022-11-10,"Sum at BE","Creighton -24.9, 85-60 (98%)",37.0112444916337,"nc","North Dakota",0.0184693152884201,60.4361289403352,"Creighton",0.98153068471158,85.3760460612199,"North DakotaCreighton11-10",2023
"253",2022-11-10,"MVC at OVC","Illinois St. -1.7, 68-66 (57%)",35.3490328033534,"nc","Illinois St.",0.572802425655343,67.5015427424798,"Eastern Illinois",0.427197574344657,65.8017613386554,"Illinois St.Eastern Illinois11-10",2023
"254",2022-11-10,"SC at B10","Maryland -18.4, 77-59 (96%)",35.3423121496155,"nc","Western Carolina",0.0413100565098581,58.5240095266658,"Maryland",0.958689943490142,76.9278942670878,"Western CarolinaMaryland11-10",2023
"255",2022-11-10,"Slnd at B12","Texas -36.8, 99-62 (100%)",33.6429266615227,"nc","Houston Christian",0.00473714780191212,62.1205902658403,"Texas",0.995262852198088,98.8974773001488,"Houston ChristianTexas11-10",2023
"256",2022-11-10,"SWAC at B12","Texas Tech -19.5, 80-60 (96%)",33.3145707763274,"nc","Texas Southern",0.0381860741832466,60.2540653928164,"Texas Tech",0.961813925816753,79.7679846311585,"Texas SouthernTexas Tech11-10",2023
"257",2022-11-10,"Slnd at MWC","Wyoming -10.9, 77-67 (85%)",33.1813701874917,"nc","Nicholls St.",0.149665489460004,66.5556766894984,"Wyoming",0.850334510539996,77.4089235426732,"Nicholls St.Wyoming11-10",2023
"258",2022-11-10,"MAC at BE","Marquette -30.0, 87-57 (99%)",33.0020344287465,"nc","Central Michigan",0.00746954826588178,56.6299929659918,"Marquette",0.992530451734118,86.6351816827491,"Central MichiganMarquette11-10",2023
"259",2022-11-10,"Pat at ACC","Virginia Tech -18.4, 82-64 (95%)",32.9016162735168,"nc","Lehigh",0.0515999341299075,63.8720144658582,"Virginia Tech",0.948400065870092,82.2722611440247,"LehighVirginia Tech11-10",2023
"260",2022-11-10,"AE at Ivy","UMass Lowell -10.9, 79-68 (85%)",32.6315575668607,"nc","UMass Lowell",0.846193870236727,78.9209308574097,"Columbia",0.153806129763273,68.0457840311911,"UMass LowellColumbia11-10",2023
"261",2022-11-10,"BSth at B10","Ohio St. -21.7, 85-63 (97%)",29.7033396478213,"nc","Charleston Southern",0.032046685718007,62.9492758730604,"Ohio St.",0.967953314281993,84.6627926717468,"Charleston SouthernOhio St.11-10",2023
"262",2022-11-10,"BW at WCC","San Francisco -14.2, 72-58 (93%)",29.0477798169638,"nc","Cal Poly",0.0747668637935147,58.2054133408462,"San Francisco",0.925233136206485,72.4380967549168,"Cal PolySan Francisco11-10",2023
"263",2022-11-10,"NEC at B10","Rutgers -23.0, 79-56 (98%)",28.508478352187,"nc","Sacred Heart",0.0183157596986301,55.5754522624628,"Rutgers",0.98168424030137,78.5676211751849,"Sacred HeartRutgers11-10",2023
"264",2022-11-10,"Pat at B10","Penn St. -22.8, 81-59 (98%)",28.3644501350512,"nc","Loyola MD",0.0221694324713138,58.5886691741784,"Penn St.",0.977830567528686,81.4356221800439,"Loyola MDPenn St.11-10",2023
"265",2022-11-10,"SWAC at B10","Indiana -28.1, 89-60 (99%)",27.8881790992381,"nc","Bethune Cookman",0.0122487198157979,60.4527276842199,"Indiana",0.987751280184202,88.5530365378239,"Bethune CookmanIndiana11-10",2023
"266",2022-11-10,"Sum at B10","Nebraska -17.8, 79-61 (95%)",26.5026955485948,"nc","Nebraska Omaha",0.049986595597182,61.1596769650261,"Nebraska",0.950013404402818,79.0081343337375,"Nebraska OmahaNebraska11-10",2023
"267",2022-11-10,"BSth at SC","The Citadel -4.0, 67-63 (67%)",26.3772710942871,"nc","Presbyterian",0.329487108399195,62.6137567377099,"The Citadel",0.670512891600805,66.6042317013087,"PresbyterianThe Citadel11-10",2023
"268",2022-11-10,"SWAC at P12","USC -26.0, 82-56 (99%)",24.6071367282098,"nc","Alabama St.",0.0123600206856441,55.97929071603,"USC",0.987639979314356,81.9349294279433,"Alabama St.USC11-10",2023
"269",2022-11-10,"D2 at MAC","Kent St. (100%)",3.20647508914553,"nond1","Baldwin Wallace",0.00085782069408556,47.9648004587028,"Kent St.",0.999142179305914,88.6240116848253,"Baldwin WallaceKent St.11-10",2023
"270",2022-11-10,"D2 at WAC","Southern Utah (100%)",2.62753443142186,"nond1","La Verne",0.00150908162496728,53.9891365403404,"Southern Utah",0.998490918375033,94.9683027310687,"La VerneSouthern Utah11-10",2023
"271",2022-11-10,"D2 at WAC","Sam Houston St. (100%)",1.06545765995148,"nond1","S'western Adventist",0.0008021133662378,44.0193429878284,"Sam Houston St.",0.999197886633762,81.8107065546071,"S'western AdventistSam Houston St.11-10",2023
"272",2022-11-10,"D2 at Ivy","Cornell (100%)",-0.876346144997459,"nond1","SUNY Delhi",0.00255111568686023,56.6904037920676,"Cornell",0.99744888431314,95.2609286404933,"SUNY DelhiCornell11-10",2023
"273",2022-11-10,"D2 at SC","Samford (100%)",-1.9284305910905,"nond1","Spring Hill",0.00212009766960432,52.2919801749079,"Samford",0.997879902330396,89.2988224320908,"Spring HillSamford11-10",2023
"274",2022-11-10,"D2 at WAC","Tarleton St. (100%)",-2.02632194578846,"nond1","Kansas Christian",0.00177275991657089,48.6161890687098,"Tarleton St.",0.998227240083429,84.3260461654695,"Kansas ChristianTarleton St.11-10",2023
"275",2022-11-10,"D2 at SB","Troy (100%)",-2.56399389018777,"nond1","MUW",0.00226492593150119,50.1154820868527,"Troy",0.997735074068499,85.0905998143396,"MUWTroy11-10",2023
"276",2022-11-10,"D2 at SC","Chattanooga (100%)",-3.17321335629624,"nond1","Oakland City",0.00265234382721143,53.2950578162453,"Chattanooga",0.997347656172788,89.2521792469029,"Oakland CityChattanooga11-10",2023
"277",2022-11-10,"D2 at CUSA","FIU (100%)",-3.3468962348854,"nond1","Florida National",0.00335115189827854,53.5060517980116,"FIU",0.996648848101722,87.7963880978912,"Florida NationalFIU11-10",2023
"278",2022-11-10,"D2 at ASun","Queens (100%)",-3.7427084604469,"nond1","Clinton",0.00351611421194312,55.1215682486332,"Queens",0.996483885788057,90.0687995268,"ClintonQueens11-10",2023
"279",2022-11-10,"D2 at CUSA","Rice (100%)",-4.37063289213762,"nond1","St. Thomas Houston",0.00382914860399482,55.9667552756506,"Rice",0.996170851396005,90.7716581536798,"St. Thomas HoustonRice11-10",2023
"280",2022-11-10,"D2 at BSky","Weber St. (100%)",-6.74572624414215,"nond1","Western Colo.",0.00336828979960854,47.9194436734246,"Weber St.",0.996631710200391,78.5945124177886,"Western Colo.Weber St.11-10",2023
"281",2022-11-10,"D2 at Slnd","Northwestern St. (100%)",-7.35916546239297,"nond1","Ouachita Baptist",0.00441798040318249,52.6829751795876,"Northwestern St.",0.995582019596818,84.3851892293753,"Ouachita BaptistNorthwestern St.11-10",2023
"282",2022-11-10,"D2 at SB","Texas St. (100%)",-7.37958362880477,"nond1","Mid-Amer. Christian",0.00318946244535385,49.2384275675195,"Texas St.",0.996810537554646,81.1430966611595,"Mid-Amer. ChristianTexas St.11-10",2023
"283",2022-11-10,"D2 at AE","UMBC (100%)",-7.97406823560988,"nond1","Penn State York",0.0055778848207975,54.713621764044,"UMBC",0.994422115179202,85.8703824235582,"Penn State YorkUMBC11-10",2023
"284",2022-11-10,"D2 at OVC","Morehead St. (100%)",-8.21034331522416,"nond1","Camp. Harrodsburg",0.00365149147885226,47.8302546893624,"Morehead St.",0.996348508521148,77.8975230732748,"Camp. HarrodsburgMorehead St.11-10",2023
"285",2022-11-10,"D2 at Sum","Denver (100%)",-8.7996239418455,"nond1","Colorado Col.",0.00722847080522674,54.4546822184441,"Denver",0.992771529194773,83.5470521169764,"Colorado Col.Denver11-10",2023
"286",2022-11-10,"D2 at BSky","Idaho St. (100%)",-9.37009194392785,"nond1","Westcliff",0.00537760756461055,51.1156384771102,"Idaho St.",0.994622392435389,80.4804202763802,"WestcliffIdaho St.11-10",2023
"287",2022-11-10,"D2 at MEAC","Morgan St. (100%)",-9.93477151048351,"nond1","Penn St.-Gr Allegheny",0.0118664251429736,54.1944403285189,"Morgan St.",0.988133574857026,79.6075697919056,"Penn St.-Gr AlleghenyMorgan St.11-10",2023
"288",2022-11-10,"D2 at NEC","Merrimack (100%)",-10.0085745176455,"nond1","Clark (MA)",0.0072536019296865,47.6738017897397,"Merrimack",0.992746398070314,73.1212597508496,"Clark (MA)Merrimack11-10",2023
"289",2022-11-10,"D2 at SB","Louisiana Monroe (100%)",-10.1563575833052,"nond1","Dallas Christian",0.00699799620797716,50.7977698749779,"Louisiana Monroe",0.993002003792023,78.1579267923289,"Dallas ChristianLouisiana Monroe11-10",2023
"290",2022-11-10,"D2 at OVC","Little Rock (100%)",-10.5578841289138,"nond1","Arkansas Baptist",0.0125761757277353,59.5899376062588,"Little Rock",0.987423824272265,87.086658432229,"Arkansas BaptistLittle Rock11-10",2023
"291",2022-11-10,"D2 at OVC","Tennessee Tech (100%)",-10.6106215194735,"nond1","Tennessee Wesleyan",0.00756216597444607,53.3234860568049,"Tennessee Tech",0.992437834025554,81.488704377998,"Tennessee WesleyanTennessee Tech11-10",2023
"292",2022-11-10,"D2 at BSky","Idaho (100%)",-12.361035788662,"nond1","Walla Walla",0.00966393435772287,54.1011371869351,"Idaho",0.990336065642277,80.9177252752257,"Walla WallaIdaho11-10",2023
"293",2022-11-10,"D2 at Pat","Holy Cross (100%)",-12.9243937830175,"nond1","Dean",0.0170493751394039,55.2810787708442,"Holy Cross",0.982950624860596,78.6487045185479,"DeanHoly Cross11-10",2023
"294",2022-11-10,"D2 at CAA","William & Mary (100%)",-13.3261984612737,"nond1","Mid-Atlantic Christ.",0.0105156648672783,52.9118514812438,"William & Mary",0.989484335132722,78.5539325134756,"Mid-Atlantic Christ.William & Mary11-10",2023
"295",2022-11-10,"D2 at OVC","Lindenwood (100%)",-14.4925007065933,"nond1","Hannibal-La Grange",0.0174903446699195,54.9137049915544,"Lindenwood",0.98250965533008,77.949713860605,"Hannibal-La GrangeLindenwood11-10",2023
"296",2022-11-10,"D2 at MAC","Western Michigan (100%)",-14.6049792129065,"nond1","Goshen",0.0136668044344901,55.461634029381,"Western Michigan",0.98633319556551,80.4616423419972,"GoshenWestern Michigan11-10",2023
"297",2022-11-10,"D2 at MEAC","Delaware St. (100%)",-15.6692370941588,"nond1","Immaculata",0.0257978983434113,54.777894160252,"Delaware St.",0.974202101656589,75.1175468404648,"ImmaculataDelaware St.11-10",2023
"298",2022-11-10,"D2 at SC","VMI (100%)",-16.4286707345663,"nond1","Penn St.-New Kens.",0.0229667502284619,57.1244918373045,"VMI",0.977033249771538,79.1512876039668,"Penn St.-New Kens.VMI11-10",2023
"299",2022-11-10,"D2 at ind","Hartford (100%)",-20.2466073428601,"nond1","NVU-Lyndon",0.0575078293112982,56.059598426263,"Hartford",0.942492170688702,71.492929548047,"NVU-LyndonHartford11-10",2023
"300",2022-11-11,"WCC vs. B10","Gonzaga -3.6, 77-73 (63%)",80.4645625067073,"nc","Gonzaga",0.633660001032327,76.9687185450064,"Michigan St.",0.366339998967673,73.3873224469269,"GonzagaMichigan St.11-11",2023
"301",2022-11-11,"B12 at ACC","West Virginia -1.9, 76-74 (57%)",77.9301249587076,"nc","West Virginia",0.573046152850833,76.3917293642713,"Pittsburgh",0.426953847149167,74.4616309351397,"West VirginiaPittsburgh11-11",2023
"302",2022-11-11,"MAC vs. CUSA","UAB -4.9, 87-82 (66%)",71.3291649089779,"nc","Toledo",0.33883938404102,81.686579880906,"UAB",0.66116061595898,86.5755640574956,"ToledoUAB11-11",2023
"303",2022-11-11,"MAAC at CAA","Hofstra -1.9, 73-71 (58%)",71.1873310179662,"nc","Iona",0.423599627704591,71.0786981189457,"Hofstra",0.576400372295409,73.008180312142,"IonaHofstra11-11",2023
"304",2022-11-11,"P12 vs. B10","Wisconsin -1.2, 65-64 (55%)",69.9221750505294,"nc","Stanford",0.446901727437009,63.9753526192268,"Wisconsin",0.553098272562991,65.1724452691357,"StanfordWisconsin11-11",2023
"305",2022-11-11,"BE at Amer","Villanova -0.6, 67-66 (53%)",68.9499137669921,"nc","Villanova",0.52739433176564,66.4538576262588,"Temple",0.47260566823436,65.8230329515479,"VillanovaTemple11-11",2023
"306",2022-11-11,"CAA at ACC","North Carolina -6.4, 78-72 (73%)",67.4813367837239,"nc","College of Charleston",0.273717919433908,71.7693466362047,"North Carolina",0.726282080566092,78.125237211056,"College of CharlestonNorth Carolina11-11",2023
"307",2022-11-11,"ASun at SEC","Alabama -13.0, 78-65 (89%)",63.7781063159224,"nc","Liberty",0.108955472152372,64.5904720743758,"Alabama",0.891044527847628,77.5406361366452,"LibertyAlabama11-11",2023
"308",2022-11-11,"CUSA at SEC","Florida Atlantic -4.8, 71-66 (69%)",63.2490758497428,"nc","Florida Atlantic",0.691596597616493,71.3243493333237,"Mississippi",0.308403402383507,66.4873826682359,"Florida AtlanticMississippi11-11",2023
"309",2022-11-11,"SB at MWC","New Mexico -5.8, 78-73 (71%)",62.8611054874033,"nc","South Alabama",0.293261405304795,72.5238195976979,"New Mexico",0.706738594695205,78.2885769765618,"South AlabamaNew Mexico11-11",2023
"310",2022-11-11,"MWC vs. BW","UC Santa Barbara -0.7, 65-64 (53%)",59.7112844443435,"nc","Fresno St.",0.468944695250789,64.3147310119824,"UC Santa Barbara",0.531055304749211,65.0141195876842,"Fresno St.UC Santa Barbara11-11",2023
"311",2022-11-11,"BSky vs. Ivy","Yale -4.7, 74-70 (68%)",57.973018678722,"nc","Eastern Washington",0.321316357551194,69.5534592726825,"Yale",0.678683642448806,74.2260793197704,"Eastern WashingtonYale11-11",2023
"312",2022-11-11,"WCC at MWC","San Diego St. -11.2, 73-62 (87%)",57.5827834161868,"nc","BYU",0.129365728609911,61.8753134463237,"San Diego St.",0.870634271390089,73.0329508657276,"BYUSan Diego St.11-11",2023
"313",2022-11-11,"MAC vs. SEC","Mississippi St. -4.1, 63-59 (68%)",56.4482195657935,"nc","Akron",0.317033613759626,59.0989143117307,"Mississippi St.",0.682966386240374,63.1773770460518,"AkronMississippi St.11-11",2023
"314",2022-11-11,"ASun at SEC","Florida -6.7, 74-67 (75%)",56.3452246665554,"nc","Kennesaw St.",0.25135937155177,67.2371183596113,"Florida",0.74864062844823,73.9306624181096,"Kennesaw St.Florida11-11",2023
"315",2022-11-11,"P12 at SWAC","Colorado -4.4, 67-63 (68%)",56.106578039716,"nc","Colorado",0.684752609368351,67.0973958212501,"Grambling St.",0.315247390631649,62.7207959037881,"ColoradoGrambling St.11-11",2023
"316",2022-11-11,"MVC at MWC","Utah St. -9.3, 74-65 (82%)",55.9967913614812,"nc","Bradley",0.176371999932236,64.8274314456554,"Utah St.",0.823628000067764,74.1240161138201,"BradleyUtah St.11-11",2023
"317",2022-11-11,"SB at SEC","Vanderbilt -7.1, 76-69 (76%)",55.8784005755823,"nc","Southern Miss",0.243121322931905,68.7503201667002,"Vanderbilt",0.756878677068095,75.8860524268644,"Southern MissVanderbilt11-11",2023
"318",2022-11-11,"AE at Ivy","Dartmouth -1.0, 77-76 (54%)",55.1514872365305,"nc","Bryant",0.46359022285568,75.6240234502661,"Dartmouth",0.536409777144319,76.589556543883,"BryantDartmouth11-11",2023
"319",2022-11-11,"BW at P12","Oregon -9.7, 76-66 (83%)",55.1109506188788,"nc","UC Irvine",0.172368310893569,66.0731743538009,"Oregon",0.827631689106431,75.7313292183585,"UC IrvineOregon11-11",2023
"320",2022-11-11,"Ivy at Pat","Princeton -2.9, 68-65 (62%)",54.692153659889,"nc","Princeton",0.622351674918127,67.601631689484,"Navy",0.377648325081873,64.7279882033502,"PrincetonNavy11-11",2023
"321",2022-11-11,"MVC at SC","Furman -7.1, 82-75 (74%)",54.2012100742918,"nc","Belmont",0.262100714712269,75.0053665955765,"Furman",0.737899285287732,82.0695035396035,"BelmontFurman11-11",2023
"322",2022-11-11,"Ivy at SEC","Missouri -9.6, 83-74 (80%)",53.5234756523055,"nc","Penn",0.196392597278311,73.7243591015434,"Missouri",0.803607402721689,83.3338290884587,"PennMissouri11-11",2023
"323",2022-11-11,"SC at ACC","Miami FL -11.6, 77-65 (87%)",52.3582505798503,"nc","UNC Greensboro",0.133281920088852,65.3823113175867,"Miami FL",0.866718079911148,76.9423049493657,"UNC GreensboroMiami FL11-11",2023
"324",2022-11-11,"A10 at MVC","Illinois Chicago -0.3, 70-69 (51%)",50.7711089871077,"nc","Loyola Chicago",0.48662898469221,69.2463394881899,"Illinois Chicago",0.51337101530779,69.5692167447551,"Loyola ChicagoIllinois Chicago11-11",2023
"325",2022-11-11,"BW at P12","UCLA -22.0, 84-62 (97%)",50.7445580131569,"nc","Long Beach St.",0.0299512554614475,62.2792440890979,"UCLA",0.970048744538552,84.2714750888478,"Long Beach St.UCLA11-11",2023
"326",2022-11-11,"BSth at A10","George Mason -3.4, 67-63 (65%)",50.1984926700607,"nc","Longwood",0.351764296920074,63.1467270648171,"George Mason",0.648235703079926,66.594163268059,"LongwoodGeorge Mason11-11",2023
"327",2022-11-11,"A10 at SEC","Kentucky -12.5, 78-66 (88%)",49.9691252680245,"nc","Duquesne",0.118175458520286,65.6113832715507,"Kentucky",0.881824541479714,78.1411176790656,"DuquesneKentucky11-11",2023
"328",2022-11-11,"Ivy vs. SB","Louisiana Lafayette -6.5, 72-65 (75%)",49.6858240307348,"nc","Harvard",0.252323015192124,65.1494182296107,"Louisiana Lafayette",0.747676984807876,71.6032776214256,"HarvardLouisiana Lafayette11-11",2023
"329",2022-11-11,"A10 at SEC","Arkansas -15.7, 80-64 (93%)",48.7033339716913,"nc","Fordham",0.0738597167301114,63.8530609011004,"Arkansas",0.926140283269889,79.5579135145977,"FordhamArkansas11-11",2023
"330",2022-11-11,"Amer at SEC","Auburn -14.7, 79-64 (91%)",47.6142717065484,"nc","South Florida",0.0852076808540294,64.185948585168,"Auburn",0.914792319145971,78.9002813956181,"South FloridaAuburn11-11",2023
"331",2022-11-11,"ACC at SEC","Clemson -7.2, 72-64 (77%)",47.5927914814797,"nc","Clemson",0.771879186152131,71.6640549949658,"South Carolina",0.228120813847869,64.4566827285177,"ClemsonSouth Carolina11-11",2023
"332",2022-11-11,"SEC at ACC","Wake Forest -10.1, 79-69 (83%)",47.5886608796044,"nc","Georgia",0.170799189165554,68.60476611835,"Wake Forest",0.829200810834446,78.7084907747571,"GeorgiaWake Forest11-11",2023
"333",2022-11-11,"MEAC at A10","George Washington -5.3, 81-75 (69%)",46.8946707798382,"nc","Howard",0.313103565394863,75.2615549250081,"George Washington",0.686896434605137,80.5829263180121,"HowardGeorge Washington11-11",2023
"334",2022-11-11,"Amer vs. A10","Houston -18.1, 77-59 (96%)",46.5244329821162,"nc","Houston",0.956131455309854,76.7860037129401,"Saint Joseph's",0.0438685446901456,58.7357548269543,"HoustonSaint Joseph's11-11",2023
"335",2022-11-11,"WCC at BW","Cal St. Fullerton -8.2, 75-67 (79%)",44.8770486581446,"nc","Pepperdine",0.210140676462212,67.1577866008074,"Cal St. Fullerton",0.789859323537788,75.3528737261834,"PepperdineCal St. Fullerton11-11",2023
"336",2022-11-11,"BSky at BE","Xavier -17.1, 83-66 (93%)",44.5632240201358,"nc","Montana",0.0661102001617066,66.2010629086669,"Xavier",0.933889799838294,83.3426536065195,"MontanaXavier11-11",2023
"337",2022-11-11,"BSky at WCC","Portland -9.4, 87-77 (79%)",43.9062027787578,"nc","Portland St.",0.211410291583882,77.2432941056272,"Portland",0.788589708416118,86.6115881283269,"Portland St.Portland11-11",2023
"338",2022-11-11,"SB at CAA","Drexel -3.6, 62-59 (66%)",43.6682670911671,"nc","Old Dominion",0.33608818646759,58.5917957269533,"Drexel",0.66391181353241,62.1650268888276,"Old DominionDrexel11-11",2023
"339",2022-11-11,"SWAC at P12","Arizona -29.9, 94-64 (99%)",43.1478891365392,"nc","Southern",0.0122404145458685,64.2501543654234,"Arizona",0.987759585454132,94.1212453185605,"SouthernArizona11-11",2023
"340",2022-11-11,"Amer at A10","Dayton -10.5, 71-61 (86%)",43.0721995427039,"nc","SMU",0.138274259491856,60.9659183723407,"Dayton",0.861725740508144,71.4801052446812,"SMUDayton11-11",2023
"341",2022-11-11,"WAC at SEC","Texas A&M -17.7, 81-63 (94%)",42.1291917690876,"nc","Abilene Christian",0.0559859443947492,63.4367573146073,"Texas A&M",0.944014055605251,81.1013127523809,"Abilene ChristianTexas A&M11-11",2023
"342",2022-11-11,"Horz at ACC","Boston College -7.0, 76-69 (75%)",40.8982675498589,"nc","Detroit",0.248281748361906,68.9338575025003,"Boston College",0.751718251638094,75.9046287252976,"DetroitBoston College11-11",2023
"343",2022-11-11,"MAC at Horz","Oakland -3.9, 80-76 (64%)",40.8611359512978,"nc","Bowling Green",0.359317736158573,75.6800676400081,"Oakland",0.640682263841427,79.5832853041731,"Bowling GreenOakland11-11",2023
"344",2022-11-11,"MVC at A10","Richmond -6.2, 70-64 (74%)",40.7782645632643,"nc","Northern Iowa",0.25677576476138,63.833013663434,"Richmond",0.74322423523862,70.0134547327786,"Northern IowaRichmond11-11",2023
"345",2022-11-11,"MEAC at B12","Baylor -20.7, 85-64 (96%)",39.6586608283504,"nc","Norfolk St.",0.0382671643382766,64.1065118586814,"Baylor",0.961732835661723,84.8518113061825,"Norfolk St.Baylor11-11",2023
"346",2022-11-11,"Pat at BE","Connecticut -29.5, 83-53 (99%)",39.6486640617289,"nc","Boston University",0.00636737939128884,53.4115172702645,"Connecticut",0.993632620608711,82.8616583383743,"Boston UniversityConnecticut11-11",2023
"347",2022-11-11,"MAAC at MEAC","Mount St. Mary's -2.8, 74-71 (61%)",39.5287433854277,"nc","Mount St. Mary's",0.609259740809884,73.5968069083062,"Coppin St.",0.390740259190116,70.8082423164954,"Mount St. Mary'sCoppin St.11-11",2023
"348",2022-11-11,"ASun at P12","Washington -11.3, 81-70 (85%)",39.424685783484,"nc","North Florida",0.150016141251539,69.6175695655783,"Washington",0.849983858748461,80.9507413427026,"North FloridaWashington11-11",2023
"349",2022-11-11,"B12 at P12","Kansas St. -13.0, 72-59 (91%)",39.0941680446251,"nc","Kansas St.",0.908392150576735,71.8260627558802,"California",0.091607849423265,58.8360814080511,"Kansas St.California11-11",2023
"350",2022-11-11,"ACC at Amer","UCF -13.3, 75-61 (91%)",39.0233158118709,"nc","Florida St.",0.0945625073623584,61.322440309234,"UCF",0.905437492637642,74.6338605866069,"Florida St.UCF11-11",2023
"351",2022-11-11,"CUSA at Slnd","Texas A&M Corpus Chris -8.2, 81-73 (77%)",38.6063507029051,"nc","UTSA",0.225174349161044,72.6410083323034,"Texas A&M Corpus Chris",0.774825650838956,80.8816740101436,"UTSATexas A&M Corpus Chris11-11",2023
"352",2022-11-11,"BSth at ACC","North Carolina St. -16.4, 81-64 (93%)",37.8819410999552,"nc","Campbell",0.0681974463906399,64.1501891699811,"North Carolina St.",0.93180255360936,80.5270746508066,"CampbellNorth Carolina St.11-11",2023
"353",2022-11-11,"MAAC at AE","New Hampshire -2.5, 62-60 (62%)",37.666131562226,"nc","Fairfield",0.38476931937072,59.9529523791889,"New Hampshire",0.61523068062928,62.450451003272,"FairfieldNew Hampshire11-11",2023
"354",2022-11-11,"BSth at ACC","Duke -20.5, 76-56 (97%)",37.1866509871571,"nc","USC Upstate",0.0268134187337867,55.834542837087,"Duke",0.973186581266213,76.3029917472884,"USC UpstateDuke11-11",2023
"355",2022-11-11,"MAC at B10","Northwestern -18.2, 76-58 (96%)",35.8675903948267,"nc","Northern Illinois",0.0409405055174445,57.6877914524935,"Northwestern",0.959059494482556,75.8905315995407,"Northern IllinoisNorthwestern11-11",2023
"356",2022-11-11,"CAA at MWC","Air Force -8.1, 70-62 (81%)",35.4050029432914,"nc","Delaware",0.193846614296844,61.689860984627,"Air Force",0.806153385703156,69.8290853503709,"DelawareAir Force11-11",2023
"357",2022-11-11,"SC vs. CAA","East Tennessee St. -3.8, 69-65 (66%)",35.3012306754225,"nc","East Tennessee St.",0.658083895668972,68.7241570810304,"Elon",0.341916104331028,64.9205689016894,"East Tennessee St.Elon11-11",2023
"358",2022-11-11,"CAA at B10","Iowa -26.4, 95-68 (98%)",33.8446482016917,"nc","North Carolina A&T",0.0227129513023479,68.2181355310526,"Iowa",0.977287048697652,94.6160773614976,"North Carolina A&TIowa11-11",2023
"359",2022-11-11,"Slnd at MWC","Colorado St. -13.7, 82-68 (89%)",33.6875583225947,"nc","Southeastern Louisiana",0.107375842990415,67.9692541522971,"Colorado St.",0.892624157009585,81.7131237156903,"Southeastern LouisianaColorado St.11-11",2023
"360",2022-11-11,"MAC vs. B10","Michigan -19.4, 85-65 (95%)",32.8629862227373,"nc","Eastern Michigan",0.0472588662294217,65.1255508826054,"Michigan",0.952741133770578,84.5639894997471,"Eastern MichiganMichigan11-11",2023
"361",2022-11-11,"ASun at B10","Purdue -27.4, 79-52 (99%)",30.2057277686311,"nc","Austin Peay",0.00751192298370153,51.7466053018672,"Purdue",0.992488077016298,79.1251235191492,"Austin PeayPurdue11-11",2023
"362",2022-11-11,"SWAC at B12","Oklahoma -20.8, 78-57 (97%)",29.429671846792,"nc","Arkansas Pine Bluff",0.0273034960493922,57.1228205700751,"Oklahoma",0.972696503950608,77.9372750113062,"Arkansas Pine BluffOklahoma11-11",2023
"363",2022-11-11,"Sum at BE","DePaul -13.4, 80-67 (89%)",28.9718059807089,"nc","Western Illinois",0.109238718221935,66.7180934053323,"DePaul",0.890761281778065,80.074543900763,"Western IllinoisDePaul11-11",2023
"364",2022-11-11,"Slnd at Amer","Tulane -19.3, 87-67 (95%)",28.0087933082862,"nc","McNeese St.",0.0522594591373458,67.4923831835464,"Tulane",0.947740540862654,86.834374596886,"McNeese St.Tulane11-11",2023
"365",2022-11-11,"Slnd at BSky","Northern Colorado -9.6, 80-70 (81%)",27.8739238329314,"nc","Texas A&M Commerce",0.187086564653221,70.2008632677688,"Northern Colorado",0.812913435346779,79.7665597005844,"Texas A&M CommerceNorthern Colorado11-11",2023
"366",2022-11-11,"Sum at B10","Illinois -21.6, 77-56 (98%)",27.3243312098009,"nc","UMKC",0.022434005334865,55.5209191863517,"Illinois",0.977565994665135,77.0902035714578,"UMKCIllinois11-11",2023
"367",2022-11-11,"BW at P12","Utah -16.1, 68-52 (96%)",27.2844683747689,"nc","Cal St. Bakersfield",0.0423490418851255,51.7504885632998,"Utah",0.957650958114874,67.8711498790492,"Cal St. BakersfieldUtah11-11",2023
"368",2022-11-11,"ind at Sum","St. Thomas -10.1, 75-65 (84%)",26.2050210006587,"nc","Chicago St.",0.15935842189511,65.1849531457253,"St. Thomas",0.84064157810489,75.3269658888988,"Chicago St.St. Thomas11-11",2023
"369",2022-11-11,"Slnd at B12","TCU -29.1, 86-57 (99%)",26.0631993004754,"nc","Lamar",0.00857059411525715,56.8414854280489,"TCU",0.991429405884743,85.9168879263647,"LamarTCU11-11",2023
"370",2022-11-11,"CAA at ACC","Virginia -23.7, 74-50 (99%)",23.3770526015927,"nc","Monmouth",0.0115852300970351,50.3119696130247,"Virginia",0.988414769902965,74.0606242476175,"MonmouthVirginia11-11",2023
"371",2022-11-11,"AE at WAC","Cal Baptist -12.0, 70-58 (90%)",22.7460613903013,"nc","NJIT",0.104521903014093,58.4327329023243,"Cal Baptist",0.895478096985907,70.432545830922,"NJITCal Baptist11-11",2023
"372",2022-11-11,"NEC at B10","Minnesota -13.4, 71-57 (92%)",16.4835276108448,"nc","St. Francis NY",0.082670423688001,57.3634082450982,"Minnesota",0.917329576311999,70.7163358733189,"St. Francis NYMinnesota11-11",2023
"373",2022-11-11,"SWAC at BW","Hawaii -17.0, 71-54 (96%)",16.1552083687062,"nc","Mississippi Valley St.",0.0416821107430049,54.2629504919142,"Hawaii",0.958317889256995,71.2688771931285,"Mississippi Valley St.Hawaii11-11",2023
"374",2022-11-11,"SWAC at P12","Oregon St. -12.6, 65-52 (92%)",12.8690410953175,"nc","Florida A&M",0.0769289956753336,52.2599118918201,"Oregon St.",0.923071004324666,64.8645445293218,"Florida A&MOregon St.11-11",2023
"375",2022-11-11,"D2 at Sum","Oral Roberts (100%)",4.98190511764779,"nond1","John Brown",0.00089214027571424,52.0537364894876,"Oral Roberts",0.999107859724286,95.8512827245768,"John BrownOral Roberts11-11",2023
"376",2022-11-11,"D2 at CAA","UNC Wilmington (100%)",-4.67594053920877,"nond1","Allen",0.00239946262795735,47.8143377332861,"UNC Wilmington",0.997600537372043,80.7762329361222,"AllenUNC Wilmington11-11",2023
"377",2022-11-11,"D2 at SC","Mercer (100%)",-7.99198012785161,"nond1","Milligan",0.00392583573463583,48.0436534252702,"Mercer",0.996074164265364,77.751856765391,"MilliganMercer11-11",2023
"378",2022-11-11,"D2 at ASun","Central Arkansas (100%)",-9.41310533271248,"nond1","Hendrix",0.0126843995059195,59.0276035727754,"Central Arkansas",0.98731560049408,86.1997717841874,"HendrixCentral Arkansas11-11",2023
"379",2022-11-11,"D2 at SB","Coastal Carolina (100%)",-10.1525785669742,"nond1","Methodist",0.00830395619537558,56.5203288347173,"Coastal Carolina",0.991696043804624,85.6685682415636,"MethodistCoastal Carolina11-11",2023
"380",2022-11-11,"D2 at ASun","Jacksonville (100%)",-10.8850381882512,"nond1","Johnson (FL)",0.00428741642833294,46.2897063917894,"Jacksonville",0.995712583571667,74.339253173973,"Johnson (FL)Jacksonville11-11",2023
"381",2022-11-11,"D2 at AE","Maine (100%)",-11.0551334262974,"nond1","Me.-Fort Kent",0.00777832423154185,51.4324890006811,"Maine",0.992221675768458,78.4050183567315,"Me.-Fort KentMaine11-11",2023
"382",2022-11-11,"D2 at CAA","Stony Brook (100%)",-15.6059517315777,"nond1","Miami Hamilton",0.0145757080644188,51.1520605777335,"Stony Brook",0.985424291935581,73.7892356568692,"Miami HamiltonStony Brook11-11",2023
"383",2022-11-12,"SB at MAC","James Madison -1.3, 78-77 (55%)",65.8740731822365,"nc","James Madison",0.547006374416728,78.1833093492934,"Buffalo",0.452993625583272,76.911677620481,"James MadisonBuffalo11-12",2023
"384",2022-11-12,"P12 at MWC","Boise St. -4.4, 67-63 (68%)",64.6703227486064,"nc","Washington St.",0.316933777518247,63.10668538245,"Boise St.",0.683066222481753,67.4644326950142,"Washington St.Boise St.11-12",2023
"385",2022-11-12,"Horz at ACC","Wright St. -0.4, 75-74 (52%)",55.0183547333201,"nc","Wright St.",0.517171243103368,74.513684528753,"Louisville",0.482828756896632,74.0697959699419,"Wright St.Louisville11-12",2023
"386",2022-11-12,"A10 at MAAC","Canisius -0.5, 67-66 (52%)",53.4211316318898,"nc","St. Bonaventure",0.479474461609637,66.2804199876681,"Canisius",0.520525538390363,66.7555781271884,"St. BonaventureCanisius11-12",2023
"387",2022-11-12,"WAC at MWC","Nevada -6.9, 73-66 (76%)",51.3749023296256,"nc","Grand Canyon",0.240711813237586,65.9714446676956,"Nevada",0.759288186762414,72.9019938956436,"Grand CanyonNevada11-12",2023
"388",2022-11-12,"SB at A10","Rhode Island -0.7, 65-64 (53%)",51.0782958649186,"nc","Texas St.",0.467968023273167,63.8048726419021,"Rhode Island",0.532031976726833,64.5207190793094,"Texas St.Rhode Island11-12",2023
"389",2022-11-12,"BW at WCC","Loyola Marymount -6.4, 77-71 (73%)",50.0302412191705,"nc","UC Davis",0.270159867306844,70.5022800254615,"Loyola Marymount",0.729840132693156,76.8659851261087,"UC DavisLoyola Marymount11-12",2023
"390",2022-11-12,"SC at BSth","High Point -0.3, 78-77 (51%)",50.0260499959824,"nc","Wofford",0.488041555263637,76.8527045915387,"High Point",0.511958444736363,77.1730972357251,"WoffordHigh Point11-12",2023
"391",2022-11-12,"AE at B10","Rutgers -10.2, 72-62 (85%)",49.7949554587738,"nc","UMass Lowell",0.146666332393221,61.6643901518774,"Rutgers",0.853333667606779,71.8683682010518,"UMass LowellRutgers11-12",2023
"392",2022-11-12,"CUSA at BSth","Middle Tennessee -3.9, 75-71 (65%)",48.7154926897669,"nc","Middle Tennessee",0.650078534739399,75.2653346916146,"Winthrop",0.349921465260601,71.3188130422629,"Middle TennesseeWinthrop11-12",2023
"393",2022-11-12,"Horz at MAC","Ohio -5.5, 75-69 (71%)",47.8230879033375,"nc","Cleveland St.",0.291652454463452,68.9850062430052,"Ohio",0.708347545536548,74.5188386874943,"Cleveland St.Ohio11-12",2023
"394",2022-11-12,"MAC at MVC","Indiana St. -10.0, 82-72 (82%)",46.6791913745834,"nc","Ball St.",0.1833665053317,71.8755469066873,"Indiana St.",0.8166334946683,81.8446851509969,"Ball St.Indiana St.11-12",2023
"395",2022-11-12,"WAC at CUSA","UTEP -5.6, 72-66 (72%)",45.315539650967,"nc","New Mexico St.",0.281099998018614,66.1266478817409,"UTEP",0.718900001981386,71.7526659746559,"New Mexico St.UTEP11-12",2023
"396",2022-11-12,"OVC at Horz","Fort Wayne -4.8, 74-69 (68%)",41.695769159392,"nc","SIU Edwardsville",0.315812117647657,69.0741607026869,"Fort Wayne",0.684187882352343,73.877292736264,"SIU EdwardsvilleFort Wayne11-12",2023
"397",2022-11-12,"ACC at SB","Georgia Tech -4.9, 70-65 (70%)",41.3241366680116,"nc","Georgia Tech",0.699357876484574,69.6445617409196,"Georgia St.",0.300642123515426,64.7149518526415,"Georgia TechGeorgia St.11-12",2023
"398",2022-11-12,"MAAC at Pat","Bucknell -1.6, 65-64 (57%)",40.92925901123,"nc","Niagara",0.428160435112573,63.7141247675539,"Bucknell",0.571839564887427,65.3376251364347,"NiagaraBucknell11-12",2023
"399",2022-11-12,"BSky at WAC","Utah Valley -15.2, 81-66 (92%)",40.1268717154278,"nc","Northern Arizona",0.0837570440065899,65.5560345085668,"Utah Valley",0.91624295599341,80.7159888103168,"Northern ArizonaUtah Valley11-12",2023
"400",2022-11-12,"SWAC at Amer","Tulsa -4.4, 73-69 (67%)",35.3271594956956,"nc","Jackson St.",0.331187802370379,69.1105229311526,"Tulsa",0.668812197629621,73.4659172577985,"Jackson St.Tulsa11-12",2023
"401",2022-11-12,"BSky at BW","UC San Diego -4.7, 67-63 (70%)",34.9040510689641,"nc","Sacramento St.",0.303138857599163,62.6412625918151,"UC San Diego",0.696861142400838,67.3435007428598,"Sacramento St.UC San Diego11-12",2023
"402",2022-11-12,"Pat at BE","St. John's -15.3, 75-59 (93%)",34.241087655931,"nc","Lafayette",0.0666568845256121,59.4378467449211,"St. John's",0.933343115474388,74.7708491474755,"LafayetteSt. John's11-12",2023
"403",2022-11-12,"SWAC at Amer","Wichita St. -14.7, 76-61 (92%)",32.6463027639461,"nc","Alcorn St.",0.0769375702350054,61.1344313867917,"Wichita St.",0.923062429764995,75.8787236431774,"Alcorn St.Wichita St.11-12",2023
"404",2022-11-12,"ASun at OVC","Morehead St. -5.6, 63-58 (74%)",31.6415891335478,"nc","Bellarmine",0.256102297370323,57.5800912311345,"Morehead St.",0.743897702629677,63.1745113733372,"BellarmineMorehead St.11-12",2023
"405",2022-11-12,"AE at MAAC","Marist -5.0, 67-62 (71%)",31.2437568124371,"nc","Binghamton",0.291169812516008,62.4031337889322,"Marist",0.708830187483992,67.4226843871147,"BinghamtonMarist11-12",2023
"406",2022-11-12,"CAA at BE","Providence -20.2, 81-61 (96%)",31.1052559271439,"nc","Northeastern",0.0360638996254281,61.0936191543798,"Providence",0.963936100374572,81.2981540326634,"NortheasternProvidence11-12",2023
"407",2022-11-12,"MEAC at A10","VCU -20.5, 78-58 (97%)",31.0928691974882,"nc","Morgan St.",0.029096874424637,57.5970557244649,"VCU",0.970903125575363,78.1382577376468,"Morgan St.VCU11-12",2023
"408",2022-11-12,"MVC at Slnd","Northwestern St. -7.4, 72-65 (78%)",29.729083748653,"nc","Illinois St.",0.221818271410842,64.5805137070911,"Northwestern St.",0.778181728589158,72.027788231363,"Illinois St.Northwestern St.11-12",2023
"409",2022-11-12,"MEAC at OVC","Tennessee St. -10.0, 85-75 (81%)",27.6319661226268,"nc","South Carolina St.",0.192474690367824,75.2337551867337,"Tennessee St.",0.807525309632176,85.2251434132769,"South Carolina St.Tennessee St.11-12",2023
"410",2022-11-12,"NEC at Pat","Army -9.0, 74-65 (82%)",27.2572749111838,"nc","Stonehill",0.183485852405452,64.6236597780864,"Army",0.816514147594548,73.5818627821604,"StonehillArmy11-12",2023
"411",2022-11-12,"SB at SEC","LSU -10.5, 70-60 (87%)",27.0253316826365,"nc","Arkansas St.",0.134475297766737,59.7820375732855,"LSU",0.865524702233263,70.2889361131063,"Arkansas St.LSU11-12",2023
"412",2022-11-12,"MAAC at BE","Seton Hall -17.8, 70-52 (97%)",26.4716714776069,"nc","Saint Peter's",0.0336576881356987,52.4384757350591,"Seton Hall",0.966342311864301,70.2161042309237,"Saint Peter'sSeton Hall11-12",2023
"413",2022-11-12,"Slnd at MWC","UNLV -19.0, 80-61 (96%)",26.0292600885448,"nc","Incarnate Word",0.0430639246678823,61.4643010273264,"UNLV",0.956936075332118,80.4884052927317,"Incarnate WordUNLV11-12",2023
"414",2022-11-12,"NEC at A10","La Salle -8.3, 66-58 (82%)",26.0246715411318,"nc","Wagner",0.176127441210362,58.0602636782101,"La Salle",0.823872558789638,66.3961265487884,"WagnerLa Salle11-12",2023
"415",2022-11-12,"MVC at A10","Saint Louis -22.1, 85-63 (97%)",25.1771246184469,"nc","Evansville",0.029941460665632,62.6727497559958,"Saint Louis",0.970058539334368,84.8064230939902,"EvansvilleSaint Louis11-12",2023
"416",2022-11-12,"BW at WAC","Utah Tech -15.0, 77-62 (92%)",24.1741732536942,"nc","Cal St. Northridge",0.0761882428747667,61.7934185797458,"Utah Tech",0.923811757125233,76.7673618178389,"Cal St. NorthridgeUtah Tech11-12",2023
"417",2022-11-12,"BSth at Amer","East Carolina -12.5, 70-58 (90%)",20.1008728837635,"nc","Presbyterian",0.096485225246538,57.9947306096286,"East Carolina",0.903514774753462,70.4473358902967,"PresbyterianEast Carolina11-12",2023
"418",2022-11-12,"AE at MAAC","Siena -12.9, 76-63 (89%)",19.0389940456106,"nc","Albany",0.107131885561134,63.4862050074482,"Siena",0.892868114438866,76.3404814580426,"AlbanySiena11-12",2023
"419",2022-11-12,"Horz at BE","Georgetown -17.6, 78-60 (95%)",12.5317579392462,"nc","Green Bay",0.0491642342110736,59.9793456382001,"Georgetown",0.950835765788926,77.6010294399949,"Green BayGeorgetown11-12",2023
"420",2022-11-12,"ind at NEC","St. Francis PA -13.5, 78-64 (90%)",4.79335736473325,"nc","Hartford",0.100019635643691,64.0898022172511,"St. Francis PA",0.899980364356309,77.5815232383394,"HartfordSt. Francis PA11-12",2023
"421",2022-11-12,"D2 at WAC","Southern Utah (100%)",2.62753443142186,"nond1","St. Katherine",0.00150908162496728,53.9891365403404,"Southern Utah",0.998490918375033,94.9683027310687,"St. KatherineSouthern Utah11-12",2023
"422",2022-11-12,"D2 at SC","Samford (100%)",-1.9284305910905,"nond1","Belhaven",0.00212009766960432,52.2919801749079,"Samford",0.997879902330396,89.2988224320908,"BelhavenSamford11-12",2023
"423",2022-11-12,"D2 at MWC","San Jose St. (100%)",-2.50389072821809,"nond1","Bethesda (CA)",0.001266513952474,46.3279475725736,"San Jose St.",0.998733486047526,82.7450759563483,"Bethesda (CA)San Jose St.11-12",2023
"424",2022-11-12,"D2 at ASun","Lipscomb (100%)",-2.63058916986405,"nond1","Camp. Harrodsburg",0.00272191822238822,52.3736038855487,"Lipscomb",0.997278081777612,87.5112461133734,"Camp. HarrodsburgLipscomb11-12",2023
"425",2022-11-12,"D2 at