"","team","conf","barthag","barthag_rk","adj_o","adj_o_rk","adj_d","adj_d_rk","adj_t","adj_t_rk","wab","nc_elite_sos","nc_fut_sos","nc_cur_sos","ov_elite_sos","ov_fut_sos","ov_cur_sos","seed","year"
"1","Gonzaga","WCC",0.95719,1,115.441,1,88.1081,7,75.4234,4,0.68052477280559,23,0.5398,0.6109,22,0.5969,0.6109,NA,2023
"2","Houston","Amer",0.95124,2,110.947,12,85.688,1,66.8088,352,0.35847534307005,18,0.5319,0.4248,22,0.6168,0.4248,NA,2023
"3","Duke","ACC",0.939252,3,113.894,3,89.7609,16,70.2181,215,0.19058099767248,16,0.4881,0.373,27,0.6748,0.373,NA,2023
"4","Baylor","B12",0.938007,4,114.216,2,90.1841,20,72.3528,60,0.18703152026973,21,0.5308,0.2688,34,0.7303,0.2688,NA,2023
"5","UCLA","P12",0.92624,5,112.914,5,90.6133,25,69.5632,266,0.30086206574383,19,0.5289,0.4171,26,0.6714,0.4171,NA,2023
"6","Texas","B12",0.921146,6,110.587,13,89.3057,12,68.4401,311,0.17405317576937,21,0.5023,0.327,34,0.7131,0.327,NA,2023
"7","Kentucky","SEC",0.918242,7,112.554,7,91.2049,29,71.2494,132,0.16732980188189,23,0.5394,0.3483,31,0.689,0.3483,NA,2023
"8","Tennessee","SEC",0.917874,8,108.338,28,87.8262,4,70.8405,166,-0.6231306834521,18,0.502,0.4307,29,0.684,0.4307,NA,2023
"9","Indiana","B10",0.916197,9,110.157,18,89.4725,14,71.3411,119,0.094104115678911,22,0.4642,0.2382,31,0.6898,0.2382,NA,2023
"10","North Carolina","ACC",0.913489,10,113.403,4,92.3875,41,71.3124,121,0.24862837377592,21,0.5808,0.4622,28,0.7058,0.4622,NA,2023
"11","Arizona","P12",0.910962,11,112.207,9,91.6646,34,74.5662,13,0.20381643478347,18,0.5608,0.4255,25,0.6627,0.4255,NA,2023
"12","Kansas","B12",0.909904,12,109.479,19,89.5369,15,71.9196,78,0.073793802783806,26,0.6062,0.1984,38,0.7678,0.1984,NA,2023
"13","Texas A&M","SEC",0.901578,13,109.308,23,90.1584,18,70.1704,220,0.2171994084187,14,0.4638,0.4074,29,0.68,0.4074,NA,2023
"14","Arkansas","SEC",0.899781,14,104.59,84,86.4182,2,73.3096,29,0.1600486238343,17,0.5506,0.3526,30,0.715,0.3526,NA,2023
"15","Illinois","B10",0.898515,15,110.346,15,91.2845,30,72.0449,71,0.05816410304747,17,0.4012,0.1149,28,0.6538,0.1149,NA,2023
"16","San Diego St.","MWC",0.892395,16,105.599,68,87.8558,5,69.6882,255,0.29768542863665,17,0.5059,0.4864,21,0.6083,0.4864,NA,2023
"17","Texas Tech","B12",0.88752,17,103.782,100,86.7188,3,70.2514,211,0.29108344654553,11,0.3989,0.3657,32,0.6907,0.3657,NA,2023
"18","Virginia","ACC",0.887407,18,108.045,32,90.2895,21,62.7885,362,0.063613899838021,23,0.5077,0.1743,28,0.6775,0.1743,NA,2023
"19","Xavier","BE",0.886369,19,111.225,11,93.0305,48,71.363,116,0.11192665921896,20,0.5465,0.2775,27,0.6939,0.2775,NA,2023
"20","Saint Mary's","WCC",0.884476,20,105.114,79,88.0621,6,66.7275,353,0.56445351714457,19,0.6204,0.5998,22,0.6387,0.5998,NA,2023
"21","Auburn","SEC",0.883852,21,105.128,77,88.1205,8,72.9235,42,0.32604542705265,22,0.6263,0.5584,31,0.7382,0.5584,NA,2023
"22","Michigan St.","B10",0.883643,22,108.674,26,91.1088,27,70.1568,222,-0.13182029439888,28,0.6057,0.6022,35,0.7451,0.6022,NA,2023
"23","Alabama","SEC",0.882399,23,107.781,37,90.4548,23,75.1268,8,0.38592469258657,31,0.6766,0.6028,34,0.7547,0.6028,NA,2023
"24","Virginia Tech","ACC",0.879391,24,110.355,14,92.8466,43,66.8965,351,0.080641155204383,10,0.3735,0.1493,26,0.6455,0.1493,NA,2023
"25","West Virginia","B12",0.879065,25,109.372,21,92.0444,38,71.0862,144,0.43051682756815,19,0.5379,0.4826,35,0.744,0.4826,NA,2023
"26","Iowa","B10",0.878686,26,112.408,8,94.6282,72,73.6126,24,0.080933750550719,19,0.4858,0.2139,30,0.699,0.2139,NA,2023
"27","Memphis","Amer",0.878665,27,107.402,43,90.4156,22,72.2292,63,0.43036543111662,28,0.6447,0.7324,27,0.6738,0.7324,NA,2023
"28","Creighton","BE",0.877178,28,107.61,40,90.7004,26,70.3892,199,0.11321984058029,22,0.5523,0.1933,28,0.6963,0.1933,NA,2023
"29","Purdue","B10",0.875438,29,110.285,16,93.0843,50,68.8311,297,0.082142288077419,13,0.4362,0.2196,28,0.6811,0.2196,NA,2023
"30","Utah St.","MWC",0.868862,30,107.484,42,91.187,28,71.845,85,0.54603757731409,11,0.4943,0.594,18,0.5962,0.594,NA,2023
"31","Kansas St.","B12",0.867629,31,108.02,33,91.7278,35,71.5106,108,0.30288623432574,12,0.4623,0.3258,33,0.7162,0.3258,NA,2023
"32","Miami FL","ACC",0.86111,32,110.249,17,94.0742,65,70.0403,237,0.21814868834477,11,0.4416,0.3913,25,0.6427,0.3913,NA,2023
"33","Florida","SEC",0.861041,33,107.784,36,91.9757,36,71.6939,95,-0.67287212782124,20,0.5628,0.3917,30,0.7058,0.3917,NA,2023
"34","Iowa St.","B12",0.856506,34,104.14,93,89.1558,11,71.3612,117,0.062351324301187,16,0.4223,0.1633,35,0.7018,0.1633,NA,2023
"35","Oklahoma St.","B12",0.85595,35,105.27,74,90.1584,19,71.9169,79,-0.596484015368,17,0.5576,0.426,34,0.7466,0.426,NA,2023
"36","Dayton","A10",0.855536,36,106.913,47,91.592,33,66.5199,354,0.13359053797144,16,0.4624,0.2619,18,0.5654,0.2619,NA,2023
"37","Seton Hall","BE",0.846597,37,104.343,87,89.9402,17,69.2881,280,0.076677523448219,23,0.4955,0.2003,28,0.6808,0.2003,NA,2023
"38","Michigan","B10",0.842514,38,108.692,25,93.9427,61,70.8328,167,0.20574253258636,18,0.533,0.3937,30,0.7052,0.3937,NA,2023
"39","Villanova","BE",0.840452,39,108.643,27,94.0272,63,67.5396,341,-0.35139617241981,23,0.6117,0.437,29,0.7173,0.437,NA,2023
"40","Saint Louis","A10",0.837356,40,109.396,20,94.8672,76,71.3866,113,0.10321102124897,18,0.5404,0.2564,19,0.594,0.2564,NA,2023
"41","Rutgers","B10",0.836746,41,102.212,133,88.6715,9,69.5618,267,0.14134659531886,13,0.4474,0.2374,28,0.6701,0.2374,NA,2023
"42","Mississippi","SEC",0.836559,42,107.104,45,92.9273,47,68.3649,318,0.25824812992007,19,0.5582,0.4227,29,0.7035,0.4227,NA,2023
"43","Wisconsin","B10",0.834435,43,102.922,115,89.4188,13,69.4396,275,0.59473214888866,16,0.4887,0.6257,29,0.6995,0.6257,NA,2023
"44","Tulane","Amer",0.832647,44,109.328,22,95.0907,81,71.2856,125,0.063300195031642,6,0.3249,0.1768,19,0.5496,0.1768,NA,2023
"45","Maryland","B10",0.828956,45,106.758,50,93.0677,49,70.2328,212,0.076121071546815,17,0.4637,0.2068,29,0.6795,0.2068,NA,2023
"46","Oklahoma","B12",0.828572,46,104.918,80,91.4846,32,69.1231,287,-0.80983288199933,20,0.546,0.3455,36,0.7507,0.3455,NA,2023
"47","UAB","CUSA",0.827895,47,109.044,24,95.1222,83,73.9009,20,-0.59375368677606,13,0.4538,0.4293,15,0.5252,0.4293,NA,2023
"48","Stanford","P12",0.826602,48,106.404,59,92.8924,45,69.6411,260,-0.43015238882813,22,0.5585,0.5689,26,0.6629,0.5689,NA,2023
"49","USC","P12",0.823207,49,105.177,76,92.0086,37,69.9965,238,-0.88224949032968,12,0.4887,0.2633,24,0.6443,0.2633,NA,2023
"50","St. John's","BE",0.821928,50,106.548,56,93.2796,53,76.8703,1,0.090642094893731,12,0.3888,0.2353,25,0.6408,0.2353,NA,2023
"51","Notre Dame","ACC",0.820456,51,112.57,6,98.6373,142,68.5194,308,0.15996243797615,9,0.4657,0.3514,23,0.6443,0.3514,NA,2023
"52","Connecticut","BE",0.818694,52,106.657,53,93.5534,55,69.0743,289,0.069717235398028,14,0.3981,0.1745,26,0.6526,0.1745,NA,2023
"53","Cincinnati","Amer",0.812244,53,106.511,57,93.7741,58,70.8645,160,0.13632582089457,12,0.4052,0.2165,22,0.5795,0.2165,NA,2023
"54","Oregon","P12",0.810524,54,107.864,35,95.058,79,70.8589,163,-0.80390422096398,16,0.5598,0.3204,25,0.6719,0.3204,NA,2023
"55","Ohio St.","B10",0.803457,55,108.014,34,95.5668,88,68.5969,304,0.064940168989558,21,0.4245,0.1804,33,0.6945,0.1804,NA,2023
"56","Missouri","SEC",0.799972,56,111.993,10,99.2761,150,71.5523,105,0.19383602381189,14,0.4397,0.2786,28,0.6583,0.2786,NA,2023
"57","TCU","B12",0.796589,57,105.768,64,93.9297,60,70.1174,227,-0.93269887160025,9,0.3639,0.1274,32,0.6731,0.1274,NA,2023
"58","Drake","MVC",0.7947,58,108.274,29,96.2519,101,69.7195,251,0.071953000381581,14,0.4186,0.1812,12,0.4503,0.1812,NA,2023
"59","Mississippi St.","SEC",0.791959,59,102.722,121,91.4498,31,69.4813,271,0.34140839868811,11,0.4442,0.3716,27,0.6673,0.3716,NA,2023
"60","Arizona St.","P12",0.788013,60,101.527,143,90.5723,24,71.6718,98,-0.70259683167867,15,0.4948,0.3527,26,0.6577,0.3527,NA,2023
"61","Penn St.","B10",0.785042,61,106.742,51,95.3715,87,69.221,284,0.31300620502265,10,0.3957,0.3976,28,0.6873,0.3976,NA,2023
"62","Washington St.","P12",0.78052,62,105.274,73,94.2775,68,69.5888,264,-0.31141817246696,18,0.5249,0.6648,28,0.6787,0.6648,NA,2023
"63","Wyoming","MWC",0.779367,63,106.93,46,95.8164,89,71.0955,143,-0.85764370568846,14,0.4583,0.2039,21,0.6079,0.2039,NA,2023
"64","Clemson","ACC",0.773194,64,104.626,83,94.0422,64,69.6616,257,-0.55397940602565,16,0.5343,0.4333,25,0.6747,0.4333,NA,2023
"65","Fresno St.","MWC",0.770841,65,103.908,98,93.5055,54,65.0919,361,-0.61343403013691,13,0.4419,0.3774,19,0.575,0.3774,NA,2023
"66","Marquette","BE",0.767752,66,104.176,90,93.889,59,73.7371,23,0.075718421369719,22,0.5098,0.2038,29,0.6847,0.2038,NA,2023
"67","Boise St.","MWC",0.766875,67,102.879,116,92.7595,42,68.7531,299,-0.53214512323563,17,0.5051,0.6598,22,0.6122,0.6598,NA,2023
"68","LSU","SEC",0.763514,68,102.212,134,92.3083,40,70.3765,201,0.073345175160483,8,0.355,0.1972,28,0.6486,0.1972,NA,2023
"69","Toledo","MAC",0.756954,69,106.407,58,96.3982,103,73.3409,27,0.59377244548857,14,0.4994,0.622,10,0.4113,0.622,NA,2023
"70","UC Santa Barbara","BW",0.75478,70,106,62,96.1273,97,68.6495,303,0.40782242576518,10,0.3763,0.3854,10,0.3981,0.3854,NA,2023
"71","VCU","A10",0.754495,71,98.2607,229,89.1211,10,71.5119,107,0.076326160916013,14,0.4453,0.207,18,0.558,0.207,NA,2023
"72","Providence","BE",0.753783,72,106.549,55,96.6707,106,68.6758,302,0.20315524608772,12,0.4016,0.2917,26,0.6496,0.2917,NA,2023
"73","North Carolina St.","ACC",0.752406,73,106.85,48,97.0066,113,71.1433,137,0.10260081707108,11,0.4082,0.2622,28,0.6605,0.2622,NA,2023
"74","Furman","SC",0.751128,74,108.053,31,98.1566,131,68.5565,305,0.087804642598804,10,0.3551,0.194,10,0.3825,0.194,NA,2023
"75","Wake Forest","ACC",0.749622,75,105.408,71,95.821,90,72.1297,67,0.2306950046871,17,0.5283,0.4553,28,0.693,0.4553,NA,2023
"76","Temple","Amer",0.748521,76,103.779,101,94.3879,70,68.8585,296,-0.57026803881648,18,0.5706,0.5415,24,0.6419,0.5415,NA,2023
"77","Towson","CAA",0.745426,77,106.723,52,97.2044,116,67.6801,338,0.60586036832702,13,0.4614,0.4561,10,0.408,0.4561,NA,2023
"78","Loyola Chicago","A10",0.74291,78,102.739,118,93.6833,57,70.3484,202,0.10394647425498,11,0.4118,0.1717,17,0.5512,0.1717,NA,2023
"79","Syracuse","ACC",0.7422,79,108.087,30,98.5912,141,70.7878,173,0.036766435653871,12,0.4387,0.2009,25,0.6545,0.2009,NA,2023
"80","Liberty","ASun",0.736279,80,105.208,75,96.2219,100,68.2045,323,-0.21908887739821,11,0.311,0.3817,9,0.3608,0.3817,NA,2023
"81","BYU","WCC",0.732909,81,103.34,109,94.6554,73,72.7306,47,-0.2032788054122,15,0.4356,0.5697,21,0.5572,0.5697,NA,2023
"82","North Texas","CUSA",0.729955,82,102.492,124,94.0022,62,62.6121,363,-0.25975490544683,15,0.4646,0.4558,16,0.5404,0.4558,NA,2023
"83","Colorado","P12",0.728064,83,101.434,146,93.1086,51,72.6291,49,-0.10572577928779,12,0.459,0.54,24,0.6387,0.54,NA,2023
"84","DePaul","BE",0.725459,84,105.615,67,97.0573,114,70.6449,180,0.34240372971438,19,0.5813,0.3203,28,0.7113,0.3203,NA,2023
"85","Northwestern","B10",0.724213,85,100.246,183,92.1737,39,70.3155,207,0.058863096476932,8,0.3916,0.1636,29,0.6806,0.1636,NA,2023
"86","Florida Atlantic","CUSA",0.719273,86,105.735,65,97.4288,124,70.5026,193,0.35334242801827,13,0.4073,0.5889,16,0.5134,0.5889,NA,2023
"87","New Mexico","MWC",0.718518,87,107.33,44,98.9308,146,73.2686,35,0.21442849383104,11,0.4164,0.4411,19,0.5602,0.4411,NA,2023
"88","San Francisco","WCC",0.710969,88,101.189,154,93.5709,56,73.1905,38,0.12403435956295,14,0.4323,0.2011,21,0.5594,0.2011,NA,2023
"89","Nebraska","B10",0.705741,89,104.344,86,96.7007,107,73.2785,32,0.060148310603727,22,0.5321,0.1689,33,0.7216,0.1689,NA,2023
"90","UNLV","MWC",0.703914,90,102.3,131,94.8788,77,71.6015,103,0.10456703530502,12,0.4704,0.2461,21,0.6061,0.2461,NA,2023
"91","UCF","Amer",0.70325,91,102.486,125,95.0784,80,69.4543,273,-0.72990500235223,17,0.5385,0.3581,24,0.6265,0.3581,NA,2023
"92","Middle Tennessee","CUSA",0.697051,92,102.424,128,95.2645,85,70.2061,216,-0.78366494505991,10,0.4244,0.2158,15,0.5209,0.2201,NA,2023
"93","Washington","P12",0.695625,93,103.013,112,95.8684,92,70.8298,168,0.19453207495474,17,0.5041,0.3109,26,0.6579,0.3109,NA,2023
"94","James Madison","SB",0.695129,94,106.561,54,99.1913,148,73.2451,36,0.28114569435589,14,0.3526,0.2133,12,0.4137,0.2133,NA,2023
"95","Louisiana Tech","CUSA",0.690644,95,101.022,158,94.2072,67,70.9462,155,-0.25400045255454,16,0.4153,0.457,17,0.518,0.457,NA,2023
"96","Kent St.","MAC",0.689132,96,102.723,120,95.8526,91,69.4421,274,0.43972066448966,21,0.4744,0.3808,14,0.4295,0.3808,NA,2023
"97","Georgia Tech","ACC",0.688841,97,99.5096,204,92.8652,44,70.7369,176,0.25238943063573,11,0.3576,0.2751,23,0.6215,0.2751,NA,2023
"98","Butler","BE",0.686773,98,101.41,147,94.7178,74,70.3195,206,-0.40088842730938,18,0.4848,0.4826,28,0.6885,0.4826,NA,2023
"99","Colorado St.","MWC",0.685328,99,103.768,102,96.9769,112,68.4594,310,0.13758499385379,15,0.4269,0.2352,21,0.5838,0.2352,NA,2023
"100","Utah","P12",0.683966,100,101.923,139,95.3052,86,71.0569,146,0.077850743628106,11,0.4158,0.1461,25,0.6286,0.1461,NA,2023
"101","Utah Valley","WAC",0.683373,101,103.603,105,96.8993,110,69.1197,288,-0.24103679131094,20,0.4579,0.3822,15,0.4819,0.3822,NA,2023
"102","Southern Illinois","MVC",0.680153,102,101.569,142,95.119,82,66.4618,355,-0.072512132419974,15,0.4006,0.5184,13,0.4414,0.5184,NA,2023
"103","UC Irvine","BW",0.677308,103,99.3525,207,93.1491,52,68.5007,309,0.6142325652035,19,0.5303,0.4261,13,0.4584,0.4261,NA,2023
"104","George Mason","A10",0.674734,104,103.838,99,97.4543,125,69.7503,247,-0.077932828216073,15,0.4985,0.5469,18,0.5655,0.5469,NA,2023
"105","Vanderbilt","SEC",0.66994,105,101.035,157,95.0033,78,69.928,241,-1.5040080817396,17,0.4994,0.544,31,0.6981,0.544,NA,2023
"106","UNC Greensboro","SC",0.669012,106,102.229,132,96.1605,99,68.6917,300,-0.30232130130413,16,0.4617,0.4466,13,0.4307,0.4466,NA,2023
"107","Iona","MAAC",0.664219,107,103.368,108,97.4152,123,71.1425,138,-0.59598469699887,16,0.6013,0.5292,10,0.4215,0.5292,NA,2023
"108","South Dakota St.","Sum",0.664083,108,105.699,66,99.617,160,72.7113,48,-0.10276204396988,22,0.5354,0.737,13,0.4087,0.737,NA,2023
"109","Bradley","MVC",0.663989,109,101.998,136,96.1321,98,70.4091,198,-0.28850293051411,18,0.437,0.4497,14,0.4593,0.4497,NA,2023
"110","South Carolina","SEC",0.662031,110,99.8776,192,94.2056,66,70.7548,175,0.29874288276372,13,0.4683,0.4214,28,0.6784,0.4214,NA,2023
"111","Montana St.","BSky",0.658994,111,104.259,88,98.4541,138,68.9175,292,-0.32861996021734,18,0.4732,0.6425,10,0.3695,0.6425,NA,2023
"112","College of Charleston","CAA",0.655442,112,107.623,39,101.77,201,74.2244,16,0.11580452319792,14,0.4594,0.6808,10,0.4033,0.6808,NA,2023
"113","Vermont","AE",0.653333,113,105.123,78,99.4869,157,68.5535,306,-1.0283659504424,22,0.5627,0.5403,13,0.4118,0.5403,NA,2023
"114","Richmond","A10",0.652198,114,101.757,141,96.3428,102,69.3372,277,-0.50479757496412,14,0.4669,0.376,16,0.553,0.376,NA,2023
"115","Colgate","Pat",0.650531,115,104.424,85,98.9315,147,70.9982,148,-0.70403901636349,14,0.4262,0.2573,9,0.3444,0.2573,NA,2023
"116","Abilene Christian","WAC",0.649066,116,100.45,176,95.2198,84,71.9322,77,-0.19118925939933,12,0.303,0.5603,13,0.4386,0.5603,NA,2023
"117","Sam Houston St.","WAC",0.646627,117,97.9162,237,92.9042,46,68.4136,314,0.64273827807517,17,0.4095,0.289,14,0.4535,0.289,NA,2023
"118","Louisiana Lafayette","SB",0.645321,118,104.839,81,99.5223,158,72.1497,65,0.25552213962895,15,0.4081,0.2719,12,0.4253,0.2719,NA,2023
"119","Santa Clara","WCC",0.64316,119,102.605,122,97.4817,126,75.2404,6,-0.1785237471391,13,0.484,0.4832,20,0.5806,0.4832,NA,2023
"120","Boston College","ACC",0.63876,120,101.466,145,96.5594,105,70.0944,231,-0.83505887210272,12,0.4119,0.2715,28,0.6696,0.2715,NA,2023
"121","Samford","SC",0.638394,121,106.785,49,101.635,196,71.4333,112,0,11,0.3497,0,10,0.3857,NA,NA,2023
"122","Western Kentucky","CUSA",0.633485,122,102.943,113,98.1595,132,71.3064,123,0.17949804449257,10,0.3569,0.2211,15,0.5109,0.2211,NA,2023
"123","Portland","WCC",0.632196,123,105.594,69,100.736,183,73.3096,30,-0.50993548617104,13,0.3667,0.2412,20,0.5259,0.2412,NA,2023
"124","Grand Canyon","WAC",0.632007,124,101.969,137,97.284,119,68.4212,313,-0.50770636564161,11,0.4113,0.4041,13,0.4819,0.4041,NA,2023
"125","UTEP","CUSA",0.623116,125,99.0999,213,94.8605,75,70.3068,208,-0.047004296837264,15,0.3908,0.7289,17,0.5177,0.7289,NA,2023
"126","Oral Roberts","Sum",0.621866,126,107.593,41,103.038,232,72.9841,40,-0.38079781744621,20,0.4124,0.625,12,0.358,0.625,NA,2023
"127","Jacksonville","ASun",0.617543,127,102.448,126,98.2674,133,68.3091,320,-0.14803752717359,22,0.4457,0.4771,13,0.423,0.4771,NA,2023
"128","Stephen F. Austin","WAC",0.617043,128,101.078,156,96.9712,111,71.8233,87,0.066167431721861,11,0.3804,0.1591,12,0.4492,0.1591,NA,2023
"129","Pittsburgh","ACC",0.616746,129,101.939,138,97.8074,128,68.1446,325,-0.51323217187699,14,0.4318,0.5223,26,0.647,0.5223,NA,2023
"130","Seattle","WAC",0.615459,130,100.808,165,96.7681,109,71.659,100,0.17213380920286,12,0.361,0.1843,12,0.453,0.1843,NA,2023
"131","Florida St.","ACC",0.613603,131,102.445,127,98.4067,137,70.6357,181,-2.3802578214294,16,0.5354,0.4871,27,0.6917,0.4871,NA,2023
"132","Wichita St.","Amer",0.607195,132,100.263,182,96.5366,104,70.347,203,-0.93265713800372,16,0.4994,0.1867,23,0.6142,0.1867,NA,2023
"133","Indiana St.","MVC",0.605419,133,101.085,155,97.3911,122,71.7915,89,0.093392410655013,6,0.2926,0.2223,10,0.4087,0.2223,NA,2023
"134","Longwood","BSth",0.604588,134,103.916,97,100.149,171,69.6753,256,-0.82794329808191,11,0.3066,0.5489,8,0.3242,0.5489,NA,2023
"135","Davidson","A10",0.603588,135,104.782,82,101.02,187,70.1287,225,0.20975188072129,11,0.4248,0.1865,17,0.5658,0.1865,NA,2023
"136","Chattanooga","SC",0.599831,136,101.193,153,97.6931,127,71.0668,145,-0.58546007719033,13,0.3848,0.3598,11,0.4028,0.3598,NA,2023
"137","Georgia","SEC",0.598718,137,103.972,94,100.417,176,71.7001,94,-0.41393251327446,11,0.4059,0.3775,29,0.6549,0.3775,NA,2023
"138","New Mexico St.","WAC",0.591181,138,100.392,177,97.2229,118,70.8227,170,-0.6190407211777,20,0.5719,0.3452,16,0.5508,0.3452,NA,2023
"139","Yale","Ivy",0.588008,139,97.2685,248,94.3057,69,70.8512,164,0.42504011250559,15,0.4069,0.2519,12,0.3992,0.2519,NA,2023
"140","Akron","MAC",0.587855,140,102.814,117,99.6882,161,65.5028,359,-0.37998751355179,10,0.3897,0.6932,11,0.4193,0.6932,NA,2023
"141","Texas St.","SB",0.587461,141,100.917,162,97.8624,129,69.7018,254,-0.11682869984175,10,0.3409,0.4836,10,0.4027,0.4836,NA,2023
"142","South Florida","Amer",0.584648,142,99.6711,201,96.7516,108,67.6928,336,-2.159065550103,11,0.3689,0.4723,20,0.5508,0.4723,NA,2023
"143","Charlotte","CUSA",0.578903,143,104.159,91,101.316,195,68.4131,315,0.06766122815306,8,0.3617,0.1861,15,0.5161,0.1861,NA,2023
"144","Ohio","MAC",0.577637,144,103.745,103,100.958,186,69.7874,246,-0.68425705248465,14,0.4106,0.4407,11,0.3948,0.4407,NA,2023
"145","Duquesne","A10",0.573064,145,103.146,110,100.539,181,69.849,243,-0.10131238697055,12,0.4622,0.4656,15,0.5351,0.4656,NA,2023
"146","Hawaii","BW",0.571256,146,99.758,194,97.2994,120,66.9838,350,-0.80859736744676,5,0.3082,0.2679,9,0.3917,0.2679,NA,2023
"147","Loyola Marymount","WCC",0.568786,147,105.893,63,103.373,239,71.3516,118,-0.833223274633,13,0.4672,0.2492,21,0.5752,0.2492,NA,2023
"148","Louisville","ACC",0.568684,148,99.7565,195,97.3867,121,70.8245,169,-2.7720173959644,19,0.5158,0.3487,28,0.6865,0.3487,NA,2023
"149","SMU","Amer",0.567939,149,99.5021,205,97.1641,115,71.1633,136,-0.28503023999329,20,0.5288,0.5218,25,0.6315,0.5218,NA,2023
"150","Norfolk St.","MEAC",0.56551,150,102.351,129,100.032,169,69.2621,281,-0.32702372053734,18,0.3577,0.4744,11,0.2938,0.4744,NA,2023
"151","Nevada","MWC",0.551105,151,101.517,144,99.7218,163,71.9072,81,0.238253644177,15,0.504,0.4562,22,0.6189,0.4562,NA,2023
"152","Rhode Island","A10",0.550963,152,97.6882,240,95.9659,93,70.9361,156,-1.7820136936986,11,0.4471,0.4387,16,0.5456,0.4387,NA,2023
"153","Fort Wayne","Horz",0.547996,153,100.914,163,99.2386,149,72.185,64,-0.27615763253805,12,0.352,0.3891,8,0.3313,0.3891,NA,2023
"154","San Diego","WCC",0.543811,154,100.832,164,99.3036,152,70.9135,157,0.12751800537773,11,0.4193,0.1926,18,0.5451,0.1926,NA,2023
"155","Nicholls St.","Slnd",0.541336,155,100.34,179,98.904,144,74.2567,15,-0.63997309758475,34,0.5928,0.8795,15,0.3465,0.8795,NA,2023
"156","Bryant","AE",0.540007,156,105.422,70,103.962,252,75.4188,5,0.12526157151184,17,0.4725,0.1708,11,0.3822,0.1708,NA,2023
"157","Penn","Ivy",0.538844,157,104.194,89,102.793,224,70.9801,151,-1.7298934690302,17,0.4871,0.7519,13,0.4446,0.7519,NA,2023
"158","South Alabama","SB",0.536936,158,100.017,187,98.7378,143,69.7114,252,-0.51278549864671,18,0.4598,0.3874,13,0.4525,0.3874,NA,2023
"159","Pepperdine","WCC",0.536801,159,100.633,173,99.3507,154,73.2698,34,-0.76143389683809,13,0.4173,0.257,20,0.5489,0.257,NA,2023
"160","La Salle","A10",0.536701,160,101.78,140,100.487,178,70.3787,200,-0.28023166049323,16,0.4711,0.5817,17,0.5433,0.5817,NA,2023
"161","California","P12",0.5294,161,97.0418,254,96.0533,95,67.8816,331,-1.5013848837391,13,0.5055,0.5873,25,0.6603,0.5873,NA,2023
"162","Youngstown St.","Horz",0.52891,162,107.643,38,106.565,299,71.1309,141,-0.22148786566759,8,0.3135,0.3437,7,0.3195,0.3437,NA,2023
"163","Marshall","SB",0.528318,163,102.732,119,101.724,199,74.4659,14,-0.79672082577455,9,0.3732,0.2885,10,0.4258,0.2885,NA,2023
"164","Fordham","A10",0.525574,164,95.3465,292,94.5014,71,71.2725,128,-0.18881334329659,11,0.3054,0.5728,15,0.4799,0.5728,NA,2023
"165","Rider","MAAC",0.521696,165,101.229,152,100.468,177,69.8201,244,-0.4673924366791,14,0.3909,0.4025,9,0.3659,0.4025,NA,2023
"166","Hofstra","CAA",0.520519,166,106.215,61,105.459,283,70.8424,165,0.52594246005346,21,0.583,0.5212,14,0.4569,0.5212,NA,2023
"167","George Washington","A10",0.512728,167,102.305,130,101.853,202,70.777,174,-0.67612876571049,7,0.3137,0.264,14,0.5019,0.264,NA,2023
"168","Long Beach St.","BW",0.512695,168,101.286,150,100.84,184,74.1166,18,-0.73523224183578,19,0.4584,0.6988,14,0.4428,0.6988,NA,2023
"169","Northern Kentucky","Horz",0.507996,169,100.61,174,100.33,174,67.1916,347,-0.80031718844089,14,0.4359,0.3109,9,0.3593,0.3109,NA,2023
"170","Georgetown","BE",0.499503,170,103.724,104,103.742,246,72.2593,62,0.054534685961863,15,0.4489,0.1508,27,0.682,0.1508,NA,2023
"171","Florida Gulf Coast","ASun",0.49918,171,103.087,111,103.116,235,71.9007,82,-0.058533287459069,20,0.5075,0.493,13,0.4444,0.493,NA,2023
"172","South Dakota","Sum",0.499018,172,106.396,60,106.432,295,70.1082,230,-0.26203345523301,14,0.4245,0.4178,10,0.3691,0.4178,NA,2023
"173","Massachusetts","A10",0.497931,173,103.968,95,104.043,254,72.1103,68,-0.72854429131049,12,0.4788,0.411,15,0.5609,0.411,NA,2023
"174","Harvard","Ivy",0.496425,174,98.2177,231,98.3399,135,70.3385,204,-0.69053632583748,13,0.4035,0.2691,11,0.4042,0.2691,NA,2023
"175","Minnesota","B10",0.496229,175,99.9669,189,100.098,170,68.2078,322,-0.69125497648115,11,0.3772,0.3547,29,0.6788,0.3547,NA,2023
"176","UNC Asheville","BSth",0.49622,176,105.276,72,105.414,282,69.6551,259,0.46867851823211,15,0.3885,0.3808,10,0.3654,0.3808,NA,2023
"177","Tulsa","Amer",0.496106,177,99.6775,199,99.8126,166,71.9158,80,-0.82307869902677,14,0.4291,0.2846,23,0.6026,0.2846,NA,2023
"178","Southern Utah","WAC",0.493953,178,103.456,107,103.674,245,71.7137,92,-0.51278549864671,16,0.4203,0.1937,15,0.4896,0.1937,NA,2023
"179","Tarleton St.","WAC",0.492091,179,95.7477,281,96.0114,94,67.6907,337,-0.41952653220838,18,0.4047,0.4168,14,0.4576,0.4168,NA,2023
"180","Valparaiso","MVC",0.490005,180,100.696,170,101.047,188,69.4566,272,-0.39784505565287,15,0.4105,0.5614,13,0.451,0.5614,NA,2023
"181","Cal Baptist","WAC",0.48863,181,99.9038,191,100.3,172,68.8753,294,-0.8674712467047,8,0.3399,0.2955,11,0.4452,0.2955,NA,2023
"182","Appalachian St.","SB",0.487764,182,98.0847,234,98.5031,139,67.8924,330,0.37376624374657,11,0.3776,0.2917,11,0.4263,0.2917,NA,2023
"183","Texas A&M Corpus Chris","Slnd",0.485485,183,97.4563,245,97.9497,130,71.6875,96,-0.37522788636486,15,0.3158,0.3486,9,0.2578,0.3486,NA,2023
"184","Old Dominion","SB",0.476184,184,99.6611,202,100.491,179,67.491,342,-0.83411472578214,11,0.4042,0.1733,11,0.4553,0.1733,NA,2023
"185","UC Riverside","BW",0.475818,185,98.9672,219,99.8039,165,71.3641,115,-0.17156728431107,19,0.521,0.7116,14,0.4695,0.7116,NA,2023
"186","Georgia St.","SB",0.47561,186,98.9589,220,99.8027,164,70.6044,183,-0.80053383757063,9,0.3469,0.3107,10,0.4181,0.3107,NA,2023
"187","Saint Joseph's","A10",0.467152,187,97.2674,249,98.3867,136,70.9634,153,-0.16742157401478,17,0.4543,0.567,18,0.5595,0.567,NA,2023
"188","St. Bonaventure","A10",0.465807,188,100.761,168,101.968,206,67.7993,332,-0.83754763577534,10,0.4542,0.2865,15,0.5444,0.2865,NA,2023
"189","Belmont","MVC",0.46098,189,100.342,178,101.716,198,72.1456,66,-1.1009637955926,14,0.5271,0.6117,13,0.4853,0.6117,NA,2023
"190","Northeastern","CAA",0.459581,190,98.1782,232,99.5712,159,68.7921,298,-1.2848391504066,16,0.4902,0.6261,12,0.4206,0.6261,NA,2023
"191","Fairfield","MAAC",0.458198,191,101.349,149,102.836,226,67.7437,335,-1.4222693666353,14,0.4227,0.4818,10,0.3828,0.4818,NA,2023
"192","Southern","SWAC",0.457079,192,95.7709,279,97.2149,117,74.1472,17,-0.73850595263328,29,0.5767,0.8473,13,0.3446,0.8473,NA,2023
"193","Princeton","Ivy",0.456195,193,102.516,123,104.094,257,70.1919,219,-1.6028117365248,5,0.2798,0.3984,7,0.3502,0.3984,NA,2023
"194","Lipscomb","ASun",0.454317,194,103.954,96,105.624,285,71.7621,91,-0.64171839513222,14,0.3955,0.3204,12,0.4139,0.3204,NA,2023
"195","Ball St.","MAC",0.438045,195,99.7326,196,101.916,205,71.6675,99,-0.63649306663699,8,0.3072,0.3371,10,0.3871,0.3371,NA,2023
"196","Cornell","Ivy",0.436457,196,100.78,166,103.045,233,75.2003,7,-0.45354675329821,14,0.3827,0.3646,11,0.3986,0.3646,NA,2023
"197","Quinnipiac","MAAC",0.435355,197,102.938,114,105.293,280,72.0328,74,0.40853364975359,11,0.3744,0.3067,9,0.3671,0.3067,NA,2023
"198","San Jose St.","MWC",0.433249,198,99.3172,208,101.664,197,69.6589,258,0.066128992123559,14,0.4121,0.1591,21,0.5845,0.1591,NA,2023
"199","Troy","SB",0.430386,199,98.7057,223,101.141,191,70.5148,191,0.37149881810029,14,0.3664,0.2272,12,0.4251,0.2272,NA,2023
"200","UMass Lowell","AE",0.426381,200,99.2854,210,101.88,203,71.1891,135,-0.26115672618902,8,0.2794,0.3733,7,0.2988,0.3733,NA,2023
"201","Missouri St.","MVC",0.423793,201,99.4203,206,102.112,210,70.0557,235,0,18,0.5151,0,14,0.4969,NA,NA,2023
"202","Utah Tech","WAC",0.423146,202,97.9383,236,100.613,182,73.0276,39,-1.2011078396953,15,0.3452,0.5087,14,0.4432,0.5087,NA,2023
"203","Mercer","SC",0.421225,203,99.7218,197,102.516,219,68.0387,327,-0.816290806074,10,0.3968,0.2246,11,0.4191,0.2246,NA,2023
"204","Illinois St.","MVC",0.420478,204,100.145,185,102.978,231,69.1398,286,-0.81483958384103,6,0.2953,0.1978,10,0.4177,0.1978,NA,2023
"205","Cleveland St.","Horz",0.416199,205,99.031,216,101.988,207,69.6289,262,-2.0457720961306,12,0.3907,0.5007,9,0.354,0.5007,NA,2023
"206","UC Davis","BW",0.415493,206,97.0907,253,100.015,168,71.0083,147,-0.37556259715956,12,0.3655,0.4143,11,0.4149,0.4143,NA,2023
"207","Delaware","CAA",0.413289,207,100.301,180,103.404,240,69.8172,245,-0.83654938364383,14,0.4256,0.2072,11,0.414,0.2072,NA,2023
"208","Southern Indiana","OVC",0.411286,208,96.6408,261,99.7022,162,73.7906,21,-0.20871153610102,12,0.3683,0.7278,8,0.2948,0.7278,NA,2023
"209","Cal Poly","BW",0.410815,209,95.2646,296,98.2991,134,68.5347,307,-0.52203011010671,14,0.429,0.3842,12,0.4389,0.3842,NA,2023
"210","Stetson","ASun",0.410529,210,103.518,106,106.827,311,67.5469,340,0.71530226405936,21,0.5564,0.6683,14,0.4726,0.6683,NA,2023
"211","St. Thomas","Sum",0.410035,211,104.15,92,107.498,324,68.3153,319,-0.24090402084705,12,0.3396,0.3672,9,0.3427,0.3672,NA,2023
"212","Murray St.","MVC",0.409546,212,96.203,271,99.3126,153,71.3404,120,-0.34289578668413,21,0.4997,0.437,16,0.5047,0.437,NA,2023
"213","UNC Wilmington","CAA",0.409068,213,100.981,161,104.263,261,69.7409,249,-0.20282540272426,19,0.4647,0.4672,12,0.3946,0.4672,NA,2023
"214","North Florida","ASun",0.40785,214,100.772,167,104.092,256,71.6813,97,-0.64761283532119,25,0.4583,0.8615,16,0.4384,0.8615,NA,2023
"215","Montana","BSky",0.40176,215,100.727,169,104.276,262,68.175,324,-0.92302143479881,19,0.4811,0.7787,12,0.386,0.7787,NA,2023
"216","FIU","CUSA",0.400636,216,99.0909,214,102.623,221,70.116,228,0.017162344689173,7,0.2771,0.0516,15,0.4873,0.0516,NA,2023
"217","High Point","BSth",0.397868,217,99.309,209,102.952,229,70.5535,185,0.063284990836085,10,0.3433,0.154,8,0.3533,0.154,NA,2023
"218","Wright St.","Horz",0.393345,218,98.3621,227,102.139,211,72.4861,52,-0.52449394310073,10,0.3987,0.5852,8,0.3583,0.5852,NA,2023
"219","Jacksonville St.","ASun",0.39114,219,98.7078,222,102.58,220,69.0496,290,-0.90830600649034,13,0.3566,0.1339,11,0.4014,0.1339,NA,2023
"220","Sacramento St.","BSky",0.390307,220,99.6732,200,103.615,244,67.0113,349,0.099075800135581,16,0.4425,0.559,10,0.3713,0.559,NA,2023
"221","Kennesaw St.","ASun",0.389191,221,102.187,135,106.271,294,69.8888,242,-0.30244286888285,21,0.4304,0.2977,13,0.4139,0.2977,NA,2023
"222","Morehead St.","OVC",0.388953,222,94.7109,305,98.5051,140,68.392,317,-0.13409499489188,16,0.377,0.4147,9,0.2998,0.4147,NA,2023
"223","Gardner Webb","BSth",0.38633,223,95.5379,286,99.4608,156,70.6517,179,-1.1773874913326,15,0.4279,0.7154,10,0.3875,0.7154,NA,2023
"224","Georgia Southern","SB",0.386182,224,95.9225,275,99.8666,167,70.3036,209,-1.3769771072792,7,0.3055,0.4054,10,0.4097,0.4054,NA,2023
"225","Northern Iowa","MVC",0.383101,225,96.9552,257,101.056,190,70.0577,234,-0.58893354331075,12,0.461,0.3583,13,0.492,0.3583,NA,2023
"226","Western Michigan","MAC",0.382898,226,99.6961,198,103.921,250,70.2312,213,-1.4682960483295,17,0.4006,0.3783,13,0.4031,0.3783,NA,2023
"227","East Carolina","Amer",0.376803,227,97.4089,246,101.765,200,71.2762,127,0.11314389085504,7,0.3626,0.2772,19,0.5687,0.2772,NA,2023
"228","Tennessee St.","OVC",0.376621,228,100.283,181,104.774,270,71.4676,110,0.048193134762833,9,0.2715,0.0932,6,0.2553,0.0932,NA,2023
"229","Wofford","SC",0.375102,229,101.015,159,105.599,284,67.7907,333,-1.2122976997323,16,0.4095,0.4368,14,0.4274,0.4368,NA,2023
"230","Boston University","Pat",0.374989,230,99.9914,188,104.534,267,69.2547,282,-0.28567336625438,12,0.3565,0.4152,8,0.3325,0.4152,NA,2023
"231","Bellarmine","ASun",0.374643,231,101.363,148,105.981,288,65.4364,360,-0.4792492965442,25,0.4725,0.3673,16,0.4432,0.3673,NA,2023
"232","Queens","ASun",0.371716,232,100.58,175,105.277,279,72.4786,54,0.11195279046862,10,0.3329,0.2269,10,0.3887,0.2269,NA,2023
"233","Eastern Kentucky","ASun",0.370172,233,98.1602,233,102.803,225,73.7715,22,-1.2202526576121,17,0.4448,0.4718,13,0.4309,0.4718,NA,2023
"234","Pacific","WCC",0.37003,234,99.6528,203,104.372,265,72.5918,51,-0.21435339958731,10,0.3464,0.624,17,0.5082,0.624,NA,2023
"235","Navy","Pat",0.368939,235,94.4043,315,98.9151,145,67.4303,344,-0.67712965734947,16,0.4449,0.3457,10,0.3675,0.3457,NA,2023
"236","Cal St. Fullerton","BW",0.368852,236,98.6877,224,103.407,241,69.2295,283,0.045698129890536,16,0.4517,0.6543,13,0.45,0.6543,NA,2023
"237","Winthrop","BSth",0.360309,237,97.858,239,102.867,228,72.6278,50,-0.21814376724832,20,0.4874,0.4872,12,0.413,0.4872,NA,2023
"238","Coastal Carolina","SB",0.354683,238,97.1404,251,102.33,214,69.6391,261,0,9,0.339,0,10,0.4321,NA,NA,2023
"239","SIU Edwardsville","OVC",0.354219,239,97.1924,250,102.403,215,72.0452,70,-0.68905310937,13,0.3859,0.3102,8,0.3058,0.3102,NA,2023
"240","Merrimack","NEC",0.352882,240,94.2009,322,99.3014,151,67.119,348,-0.36791206163794,14,0.4368,0.4308,9,0.3087,0.4308,NA,2023
"241","Saint Peter's","MAAC",0.352039,241,91.1054,345,96.0691,96,69.9351,240,-0.30076879924523,14,0.31,0.5172,10,0.3537,0.5172,NA,2023
"242","Wagner","NEC",0.351604,242,95.8127,277,101.05,189,70.5219,190,-0.17312408674395,13,0.3749,0.4701,7,0.2646,0.4701,NA,2023
"243","Campbell","BSth",0.348118,243,97.5091,243,102.976,230,66.1137,356,-0.46923628070466,9,0.3625,0.4019,8,0.3639,0.4019,NA,2023
"244","Mount St. Mary's","MAAC",0.344776,244,96.549,264,102.093,209,67.7784,334,-1.1437826842996,15,0.4067,0.6253,10,0.3843,0.6253,NA,2023
"245","Air Force","MWC",0.34423,245,95.3567,290,100.853,185,67.9101,329,-1.775059163883,4,0.2984,0.2793,17,0.5389,0.2793,NA,2023
"246","Loyola MD","Pat",0.342825,246,96.6338,262,102.26,212,69.1581,285,-0.8752623065524,13,0.3836,0.6268,9,0.3447,0.6268,NA,2023
"247","Oakland","Horz",0.339484,247,101.249,151,107.282,320,70.528,188,-1.5580336005575,24,0.5702,0.3452,12,0.4124,0.3452,NA,2023
"248","North Carolina A&T","CAA",0.335117,248,95.367,289,101.221,193,71.1396,140,-0.58095346064705,22,0.4811,0.5989,14,0.4093,0.5989,NA,2023
"249","Brown","Ivy",0.330885,249,94.4387,314,100.402,175,71.8508,84,-2.2518983907618,15,0.4459,0.5702,12,0.4367,0.5702,NA,2023
"250","Bucknell","Pat",0.328882,250,100.66,171,107.1,317,70.1282,226,0.038849698470337,12,0.3913,0.1052,9,0.3487,0.1052,NA,2023
"251","Texas Southern","SWAC",0.324375,251,94.3014,318,100.514,180,72.0864,69,-0.48105734644076,30,0.5927,0.8054,15,0.3742,0.8054,NA,2023
"252","Siena","MAAC",0.323173,252,95.5566,285,101.901,204,69.7241,250,0.085251560978279,9,0.389,0.1752,8,0.3787,0.1752,NA,2023
"253","St. Francis PA","NEC",0.320812,253,99.176,211,105.86,286,69.3809,276,-1.666708500697,15,0.4003,0.3187,8,0.2856,0.3187,NA,2023
"254","East Tennessee St.","SC",0.31921,254,97.5253,242,104.165,259,70.9632,154,-0.69053632583748,10,0.3845,0.2691,11,0.4216,0.2691,NA,2023
"255","Northern Colorado","BSky",0.319125,255,99.7731,193,106.569,300,71.7117,93,-0.2447815350305,23,0.4969,0.6905,13,0.3978,0.6905,NA,2023
"256","UT Arlington","WAC",0.317755,256,94.6687,308,101.173,192,70.8698,159,-0.3113569558156,17,0.4644,0.4445,15,0.5031,0.4445,NA,2023
"257","Arkansas St.","SB",0.315425,257,94.6911,306,101.291,194,70.5009,194,-0.45418728622957,6,0.2213,0.2711,9,0.3613,0.2711,NA,2023
"258","Detroit","Horz",0.315047,258,100.184,184,107.183,318,68.4067,316,-0.60307369151225,20,0.5737,0.3523,12,0.4254,0.3523,NA,2023
"259","North Dakota St.","Sum",0.314886,259,95.5783,284,102.263,213,70.6229,182,-1.3784303265381,20,0.4753,0.7196,13,0.4033,0.7196,NA,2023
"260","Eastern Michigan","MAC",0.313971,260,98.3525,228,105.27,278,71.1406,139,-0.47726244927881,14,0.475,0.4213,12,0.4586,0.4213,NA,2023
"261","Radford","BSth",0.308317,261,97.95,235,105.08,275,70.5393,187,-0.81858353908691,17,0.4174,0.5591,11,0.3894,0.5591,NA,2023
"262","Northern Arizona","BSky",0.306876,262,100.058,186,107.404,321,68.4384,312,-1.2353675607924,21,0.5388,0.8297,13,0.4193,0.8297,NA,2023
"263","Oregon St.","P12",0.306621,263,97.8871,238,105.085,276,69.5434,268,0.10475867357205,16,0.3735,0.227,27,0.6421,0.227,NA,2023
"264","Buffalo","MAC",0.305168,264,96.2726,269,103.413,242,76.092,2,-0.62255974495221,24,0.5551,0.6041,16,0.4847,0.6041,NA,2023
"265","Southern Miss","SB",0.304387,265,97.4705,244,104.734,269,70.1688,221,0.43036543111662,10,0.3012,0.2441,11,0.4101,0.2441,NA,2023
"266","Drexel","CAA",0.30432,266,95.3804,288,102.491,218,69.3232,279,0.092820161251476,13,0.4204,0.4027,10,0.3921,0.4027,NA,2023
"267","UC San Diego","BW",0.302806,267,100.993,160,108.589,336,69.5431,269,-1.7801477426946,13,0.4397,0.4323,12,0.4496,0.4323,NA,2023
"268","Weber St.","BSky",0.301461,268,96.9863,256,104.339,264,71.1207,142,-1.0926298929437,18,0.5133,0.5003,12,0.4089,0.5003,NA,2023
"269","Austin Peay","ASun",0.299459,269,94.8011,302,102.072,208,69.5238,270,-0.74578454268032,18,0.4239,0.5695,12,0.4198,0.5695,NA,2023
"270","Denver","Sum",0.297469,270,99.0543,215,106.74,305,70.8045,171,-0.92009236717788,9,0.2556,0.1333,8,0.3146,0.1333,NA,2023
"271","Louisiana Monroe","SB",0.294612,271,98.2357,230,105.984,289,71.4916,109,-0.22677426725117,18,0.4228,0.3084,14,0.4547,0.3084,NA,2023
"272","North Carolina Central","MEAC",0.292983,272,98.9033,221,106.777,309,70.4961,195,-1.4829228906964,17,0.4317,0.7554,11,0.3421,0.7554,NA,2023
"273","Eastern Washington","BSky",0.289504,273,94.787,303,102.483,217,71.3077,122,-2.0243193744355,16,0.4546,0.5037,11,0.3873,0.5037,NA,2023
"274","Rice","CUSA",0.285401,274,99.9089,190,108.21,330,70.8593,162,-1.237301941706,11,0.3017,0.3049,16,0.5034,0.4554,NA,2023
"275","Coppin St.","MEAC",0.279326,275,96.3261,268,104.601,268,75.8991,3,-1.2729920754698,21,0.5769,0.4516,14,0.4342,0.4516,NA,2023
"276","Morgan St.","MEAC",0.27858,276,94.5412,313,102.696,223,74.8854,10,-0.72262153680784,16,0.3657,0.5729,11,0.3151,0.5729,NA,2023
"277","Dartmouth","Ivy",0.277831,277,95.8952,276,104.201,260,68.9404,291,-1.5913314771443,8,0.3328,0.3548,9,0.3824,0.3548,NA,2023
"278","Idaho St.","BSky",0.277338,278,95.6342,282,103.94,251,68.0985,326,-1.0485561260154,11,0.3658,0.5107,9,0.3486,0.5107,NA,2023
"279","Bowling Green","MAC",0.276314,279,96.5917,263,105.027,274,74.5737,12,0.216372197405,10,0.349,0.3448,10,0.3998,0.3448,NA,2023
"280","Northern Illinois","MAC",0.273518,280,92.1529,337,100.323,173,70.2256,214,-1.5057044166803,20,0.4626,0.2599,13,0.4226,0.2599,NA,2023
"281","Binghamton","AE",0.272691,281,97.3291,247,105.996,290,70.8888,158,0.07725872963137,10,0.3387,0.1164,8,0.3372,0.1164,NA,2023
"282","Northwestern St.","Slnd",0.265021,282,99.1567,212,108.354,333,70.3005,210,-0.58539346606367,24,0.4987,0.5262,13,0.3484,0.5262,NA,2023
"283","Niagara","MAAC",0.264231,283,94.2878,319,103.069,234,66.0003,357,-1.2023735074857,14,0.3875,0.6326,10,0.3822,0.6326,NA,2023
"284","UTSA","CUSA",0.262497,284,94.0197,325,102.856,227,71.379,114,-0.74007375745919,9,0.3121,0.1866,15,0.5085,0.1866,NA,2023
"285","Robert Morris","Horz",0.259509,285,98.5662,226,107.976,327,70.2037,217,-0.39657301568145,13,0.3907,0.4232,9,0.364,0.4232,NA,2023
"286","Sacred Heart","NEC",0.25762,286,100.647,172,110.349,358,71.9868,75,-0.29113814754541,10,0.3228,0.3716,6,0.2596,0.3716,NA,2023
"287","Presbyterian","BSth",0.256786,287,94.1722,323,103.29,238,67.4584,343,-1.7400506151182,12,0.375,0.2264,9,0.3749,0.2264,NA,2023
"288","North Alabama","ASun",0.255971,288,95.2559,297,104.517,266,70.5432,186,0.083315213092526,18,0.4037,0.0826,13,0.4094,0.0826,NA,2023
"289","Western Carolina","SC",0.255935,289,95.6109,283,104.908,272,71.4672,111,-0.9995798773343,10,0.2913,0.5118,11,0.3854,0.5118,NA,2023
"290","Army","Pat",0.255694,290,94.686,307,103.905,249,72.038,72,-0.99353911207851,5,0.2589,0.0205,6,0.3005,0.0205,NA,2023
"291","USC Upstate","BSth",0.2534,291,97.1205,252,106.689,304,71.5672,104,-0.14803752717359,18,0.4356,0.4771,12,0.3981,0.4771,NA,2023
"292","Tennessee Martin","OVC",0.253342,292,98.991,218,108.746,341,74.6396,11,-1.3306625091985,10,0.2987,0.3217,7,0.2756,0.3217,NA,2023
"293","Lehigh","Pat",0.253247,293,96.8806,259,106.432,296,71.2076,133,-0.75197186533254,16,0.379,0.5676,10,0.3477,0.5676,NA,2023
"294","Canisius","MAAC",0.253038,294,97.0226,255,106.599,302,71.6575,101,-0.79843872490446,15,0.4764,0.4235,10,0.4106,0.4235,NA,2023
"295","Stony Brook","CAA",0.251184,295,96.8102,260,106.456,297,70.9822,150,-0.30244286888285,15,0.4265,0.4466,11,0.3984,0.4466,NA,2023
"296","Milwaukee","Horz",0.250419,296,94.6219,311,104.087,255,70.0546,236,-0.27654826197567,15,0.3859,0.3015,10,0.3629,0.3015,NA,2023
"297","William & Mary","CAA",0.250268,297,99.0149,217,108.927,344,70.7899,172,-1.2075170268004,14,0.4148,0.4034,11,0.3972,0.4034,NA,2023
"298","American","Pat",0.250043,298,95.4517,287,105.018,273,67.957,328,-1.4870333795643,9,0.3562,0.4847,7,0.3393,0.4847,NA,2023
"299","Howard","MEAC",0.249583,299,98.6583,225,108.569,335,72.9747,41,-1.7073778393351,15,0.4453,0.4306,10,0.3583,0.4306,NA,2023
"300","UMBC","AE",0.248488,300,97.6783,241,107.545,326,72.7767,43,-1.2643648794653,12,0.361,0.4179,10,0.3496,0.4179,NA,2023
"301","Jackson St.","SWAC",0.246893,301,90.2124,351,99.3993,155,71.269,129,-1.3240790572134,33,0.693,0.6421,16,0.4073,0.6421,NA,2023
"302","Maine","AE",0.246648,302,96.946,258,106.831,312,69.9754,239,-0.13141486483326,14,0.4137,0.4895,10,0.3726,0.4895,NA,2023
"303","Manhattan","MAAC",0.241928,303,94.2626,320,104.105,258,71.5403,106,-1.4270304783091,14,0.3969,0.4675,10,0.3859,0.4675,NA,2023
"304","Grambling St.","SWAC",0.240999,304,93.356,329,103.149,237,72.4238,56,0.23156144453274,23,0.5291,0.3325,11,0.3398,0.3325,NA,2023
"305","Alcorn St.","SWAC",0.240521,305,95.3528,291,105.38,281,70.131,224,0.021015173492666,31,0.6875,0.7746,15,0.4054,0.7746,NA,2023
"306","Albany","AE",0.233455,306,94.056,324,104.3,263,70.066,233,-1.3275829355527,18,0.4644,0.2974,12,0.3985,0.2974,NA,2023
"307","Portland St.","BSky",0.232488,307,96.2132,270,106.743,306,72.7527,44,-1.2365066368213,19,0.4949,0.691,11,0.3995,0.691,NA,2023
"308","Central Arkansas","ASun",0.232242,308,95.7483,280,106.24,293,73.5025,26,-0.60229894035469,16,0.4469,0.2856,12,0.4263,0.2856,NA,2023
"309","Lafayette","Pat",0.231625,309,96.3688,266,106.96,313,68.2171,321,-1.4241955029478,19,0.5201,0.7655,12,0.4103,0.7655,NA,2023
"310","Little Rock","OVC",0.229692,310,96.0837,272,106.745,307,71.2589,131,-1.4569852440661,18,0.4205,0.3437,10,0.3282,0.3437,NA,2023
"311","Evansville","MVC",0.220162,311,93.932,326,104.852,271,70.4771,197,-0.27442848900095,14,0.4554,0.5422,13,0.4731,0.5422,NA,2023
"312","Hampton","CAA",0.218326,312,95.7909,278,107.026,315,71.945,76,-0.54092392599045,14,0.4529,0.7546,11,0.4114,0.7546,NA,2023
"313","Illinois Chicago","MVC",0.21335,313,91.6618,340,102.675,222,72.3914,58,-0.68715127738254,7,0.3235,0.3348,12,0.4473,0.3348,NA,2023
"314","Southeast Missouri St.","OVC",0.210726,314,95.0726,299,106.641,303,72.32,61,0.34380344595908,16,0.4599,0.3275,9,0.346,0.3275,NA,2023
"315","Prairie View A&M","SWAC",0.208672,315,92.4909,335,103.857,248,73.3256,28,0,19,0.4719,0,10,0.3309,NA,NA,2023
"316","Central Michigan","MAC",0.203458,316,94.2523,321,106.129,292,73.2248,37,-0.43326894985623,14,0.4206,0.4542,12,0.4186,0.4542,NA,2023
"317","McNeese St.","Slnd",0.200313,317,95.9728,274,108.25,332,71.8251,86,-0.35063833717346,31,0.5583,0.4351,15,0.3716,0.4351,NA,2023
"318","Bethune Cookman","SWAC",0.199294,318,94.6327,310,106.798,310,71.2633,130,-0.46782656185248,18,0.3839,0.6145,10,0.2897,0.6145,NA,2023
"319","Texas A&M Commerce","Slnd",0.198072,319,95.2079,298,107.518,325,72.0338,73,-1.3594724432934,19,0.5026,0.4804,11,0.359,0.4804,NA,2023
"320","Charleston Southern","BSth",0.197739,320,94.738,304,107.007,314,71.8826,83,-0.39657301568145,20,0.4574,0.4232,12,0.4102,0.4232,NA,2023
"321","Alabama A&M","SWAC",0.196256,321,91.2271,344,103.126,236,71.6144,102,-1.7791285284112,16,0.4795,0.3261,9,0.3141,0.3261,NA,2023
"322","NJIT","AE",0.195667,322,94.4019,316,106.749,308,67.6457,339,-2.26209253299,11,0.3721,0.5341,9,0.3575,0.5341,NA,2023
"323","Columbia","Ivy",0.195083,323,94.6586,309,107.074,316,73.5288,25,-2.1523097011425,9,0.2722,0.5159,9,0.3567,0.5159,NA,2023
"324","Maryland Eastern Shore","MEAC",0.190852,324,91.5855,341,103.843,247,70.5278,189,-1.4086807186654,20,0.4382,0.4001,13,0.3586,0.4001,NA,2023
"325","Cal St. Northridge","BW",0.189203,325,95.2795,295,108.132,329,69.3315,278,-0.78552294371357,13,0.3878,0.2486,12,0.4405,0.2486,NA,2023
"326","Southeastern Louisiana","Slnd",0.186132,326,96.0708,273,109.221,347,72.482,53,0.015717966842599,20,0.4731,0.5242,11,0.3428,0.5242,NA,2023
"327","Marist","MAAC",0.183634,327,92.384,336,105.181,277,69.6093,263,-0.92334089683613,4,0.2732,0.2079,7,0.3523,0.2079,NA,2023
"328","Nebraska Omaha","Sum",0.183109,328,96.3655,267,109.748,354,70.5925,184,-0.72576729561869,31,0.6179,0.5912,17,0.4691,0.5912,NA,2023
"329","The Citadel","SC",0.181489,329,94.9381,300,108.224,331,70.1987,218,-0.4033074690304,14,0.3946,0.5126,13,0.4335,0.5126,NA,2023
"330","North Dakota","Sum",0.1813,330,95.3002,293,108.649,337,70.11,229,-0.21615687226752,14,0.3926,0.5431,11,0.3795,0.5431,NA,2023
"331","UMKC","Sum",0.179573,331,89.7453,352,102.42,216,72.4062,57,-1.6869890774362,22,0.4485,0.434,14,0.3999,0.434,NA,2023
"332","Central Connecticut","NEC",0.176664,332,94.895,301,108.484,334,70.5057,192,-1.6505293022348,13,0.3925,0.468,8,0.2954,0.468,NA,2023
"333","Cal St. Bakersfield","BW",0.173446,333,90.7831,349,103.985,253,67.2126,346,-0.55384473219006,11,0.4033,0.3724,11,0.4453,0.3724,NA,2023
"334","New Orleans","Slnd",0.172694,334,93.0029,333,106.576,301,75.0396,9,-0.55062506732587,19,0.4535,0.3736,10,0.3273,0.3736,NA,2023
"335","Tennessee Tech","OVC",0.171733,335,95.2928,294,109.264,349,71.2765,126,-0.89955676991988,14,0.3933,0.5131,9,0.3206,0.5131,NA,2023
"336","Miami OH","MAC",0.164901,336,94.3584,317,108.653,338,70.0694,232,-1.6121429311177,12,0.365,0.2804,11,0.399,0.2804,NA,2023
"337","South Carolina St.","MEAC",0.16298,337,94.6118,312,109.078,346,72.365,59,-2.0615711156003,25,0.6209,0.6062,16,0.4839,0.6062,NA,2023
"338","Elon","CAA",0.161951,338,93.1576,331,107.472,323,69.71,253,-1.7444778603711,14,0.4125,0.2719,11,0.4019,0.2719,NA,2023
"339","Arkansas Pine Bluff","SWAC",0.149399,339,93.612,328,108.897,343,70.9964,149,-1.1778974249518,24,0.498,0.6362,12,0.331,0.6362,NA,2023
"340","Monmouth","CAA",0.147163,340,90.9107,347,105.918,287,71.1917,134,-0.81443859439091,24,0.6034,0.9061,15,0.4726,0.9061,NA,2023
"341","Western Illinois","Sum",0.144555,341,90.8217,348,106.007,291,71.294,124,-0.82282449560544,9,0.2838,0.5093,8,0.3399,0.5093,NA,2023
"342","Chicago St.","ind",0.141481,342,96.3903,265,112.752,362,70.1495,223,-1.2915080794987,16,0.4407,0.4394,15,0.4175,0.4394,NA,2023
"343","Incarnate Word","Slnd",0.140132,343,93.9211,327,109.97,357,68.6884,301,-1.5062108581269,11,0.3184,0.4516,7,0.2809,0.4516,NA,2023
"344","Houston Christian","Slnd",0.13431,344,93.0931,332,109.468,351,71.7873,90,-0.98774646004963,16,0.3468,0.4715,9,0.2932,0.4715,NA,2023
"345","Alabama St.","SWAC",0.132379,345,93.2648,330,109.829,355,73.2982,31,-1.4228640307252,25,0.6083,0.7796,12,0.37,0.7796,NA,2023
"346","Holy Cross","Pat",0.128687,346,92.7582,334,109.542,352,70.9714,152,-1.2223471800421,8,0.2942,0.3891,7,0.3222,0.3891,NA,2023
"347","New Hampshire","AE",0.125426,347,91.8606,339,108.76,342,65.6517,358,0.086911487621628,11,0.3643,0.1927,9,0.3589,0.1927,NA,2023
"348","VMI","SC",0.121536,348,91.0236,346,108.106,328,70.8635,161,-1.227197181381,9,0.3303,0.463,11,0.4104,0.463,NA,2023
"349","Eastern Illinois","OVC",0.119673,349,86.9426,357,103.417,243,70.7075,177,-2.0704840542025,16,0.3734,0.5096,10,0.3156,0.5096,NA,2023
"350","St. Francis NY","NEC",0.113701,350,91.3894,342,109.256,348,68.8844,293,-1.526190069622,10,0.3201,0.3514,7,0.264,0.3514,NA,2023
"351","LIU Brooklyn","NEC",0.107473,351,89.3555,354,107.414,322,72.7377,46,-0.55384473219006,21,0.5334,0.3724,11,0.3472,0.3724,NA,2023
"352","Green Bay","Horz",0.102818,352,90.3076,350,109.027,345,69.7496,248,-1.3656327518246,21,0.5317,0.6239,12,0.4206,0.6239,NA,2023
"353","Idaho","BSky",0.102552,353,92.1144,338,111.236,361,72.4333,55,-1.7868422833828,6,0.2767,0.1985,6,0.3226,0.1985,NA,2023
"354","Fairleigh Dickinson","NEC",0.0992704,354,91.3607,343,110.674,359,71.81,88,-0.44711478696426,11,0.353,0.3291,7,0.2845,0.3291,NA,2023
"355","Mississippi Valley St.","SWAC",0.0758094,355,89.4774,353,111.212,360,70.7015,178,-2.5161347734873,28,0.6327,0.6183,14,0.3998,0.6183,NA,2023
"356","Lamar","Slnd",0.0740017,356,85.4987,361,106.508,298,69.5793,265,-0.40689059860675,8,0.2975,0.2803,6,0.2758,0.2803,NA,2023
"357","IUPUI","Horz",0.0720867,357,87.9831,356,109.873,356,67.2358,345,-1.6622924160021,11,0.3009,0.6369,9,0.3443,0.6369,NA,2023
"358","Hartford","ind",0.0674394,358,86.5014,359,108.698,339,70.4834,196,-1.8128834560122,6,0.2918,0.1979,6,0.2813,0.1979,NA,2023
"359","UT Rio Grande Valley","WAC",0.0648432,359,86.2125,360,108.731,340,73.2778,33,-0.29072062454805,12,0.29,0.2995,13,0.4324,0.2995,NA,2023
"360","Delaware St.","MEAC",0.064216,360,86.6906,358,109.433,350,70.326,205,-0.60701003930138,19,0.4481,0.5948,13,0.3879,0.5948,NA,2023
"361","Stonehill","NEC",0.0546211,361,89.013,355,114.058,363,73.9148,19,-1.6471972628168,14,0.4337,0.5861,9,0.3265,0.5861,NA,2023
"362","Florida A&M","SWAC",0.0427455,362,81.8278,363,107.227,319,68.8753,295,-1.8542681155557,33,0.6238,0.6415,15,0.3851,0.6415,NA,2023
"363","Lindenwood","OVC",0.0403495,363,83.1655,362,109.552,353,72.7483,45,-0.71390907285239,17,0.375,0.5774,10,0.3216,0.5774,NA,2023
