"rank","team","conf","record","barthag","adj_o","adj_o_rk","adj_d","adj_d_rk","adj_tempo","adj_tempo_rk","proj_record","proj_conf_record","wab","wab_rk","date"
327,"Abilene Christian","Slnd","6-15",0.115471377898026,94.2269873292732,306,112.47746687129,329,65.4756171233042,160,"7.7-20.3","4.7-13.3",-11.8634526486338,303,2015-02-14
212,"Air Force","MWC","10-13",0.381152632747478,106.512900932494,79,111.097739850916,325,60.8967778353975,333,"11.9-17.1","6.5-11.5",-7.80162230473504,211,2015-02-14
96,"Akron","MAC","16-8",0.705510151866722,105.41493850232,96,97.7030207042014,104,65.3393937221925,168,"22.4-11.6","11.9-6.1",-3.17857009742406,104,2015-02-14
78,"Alabama","SEC","14-10",0.75392639154524,106.024656836892,89,96.1884789867593,80,63.2487767427737,270,"17.8-15.2","7.6-10.4",-0.860778758062243,66,2015-02-14
335,"Alabama A&M","SWAC","6-15",0.0991611127886131,91.6812377809365,322,111.073741538113,324,63.0229686704365,285,"8.9-19.1","8.6-9.4",-11.1849230214426,287,2015-02-14
296,"Alabama St.","SWAC","12-7",0.208065576704942,96.8073052030763,269,108.739024879198,299,68.9266600458951,24,"16.9-10.1","13.6-4.4",-4.49476710755177,136,2015-02-14
140,"Albany","AE","18-7",0.554389788481732,104.029536500246,130,102.072313953012,172,61.6353375784197,323,"23.6-9.4","15.1-0.9",-2.80564613034568,94,2015-02-14
348,"Alcorn St.","SWAC","4-18",0.0419532441967652,86.6511732536666,344,113.740574462951,340,67.1217328479757,79,"5.9-24.1","5-13",-14.1202385930109,326,2015-02-14
236,"American","Pat","14-12",0.343261464727561,97.4156316507131,259,103.069499739477,191,56.9043543926993,351,"17.2-15.8","9.4-8.6",-6.99481922895858,186,2015-02-14
302,"Appalachian St.","SB","9-14",0.194085670516381,94.8536432139683,293,107.354149129296,284,65.9534792163287,136,"10.5-18.5","7.5-12.5",-9.81611794927441,261,2015-02-14
6,"Arizona","P12","21-3",0.963307345133886,115.550534410118,16,86.9690053397827,7,67.4778527216221,62,"32.4-5.6","14.9-3.1",5.11033015223794,9,2015-02-14
52,"Arizona St.","P12","12-12",0.813141674381287,107.943012260744,65,94.985961484624,63,66.8195139183666,93,"17.7-16.3","8-10",-3.62207942562949,113,2015-02-14
37,"Arkansas","SEC","20-5",0.857221138619503,111.648769336466,34,95.5354306816497,72,70.640467591698,11,"25.9-10.1","12.6-5.4",2.49225861275614,24,2015-02-14
251,"Arkansas Little Rock","SB","9-15",0.31991236586679,101.766549964729,168,108.664142185304,298,65.0012782795671,184,"11.5-18.5","6.9-13.1",-11.1672309843027,286,2015-02-14
329,"Arkansas Pine Bluff","SWAC","8-18",0.112573766896633,89.3305766843188,334,106.898994809924,271,63.9100340328823,243,"11.3-20.7","8.3-9.7",-13.4338419423893,320,2015-02-14
301,"Arkansas St.","SB","8-14",0.194781409041583,91.6751274573946,323,103.716676350751,207,65.6823818093816,154,"9.9-18.1","5.9-14.1",-9.70764916804069,259,2015-02-14
277,"Army","Pat","13-10",0.266309234408823,98.4543192631068,235,107.524311831855,285,70.1637850015103,16,"15.1-13.9","6.8-11.2",-6.78328642904095,181,2015-02-14
125,"Auburn","SEC","11-13",0.610461674927437,104.296284167116,126,100.300455285455,140,68.1463167435061,43,"13.9-20.1","5.8-12.2",-4.77709878994981,147,2015-02-14
310,"Austin Peay","OVC","5-19",0.169259777961672,93.1853117821516,314,107.010580753974,276,67.4897611541479,61,"5.7-22.3","2.7-13.3",-14.7902823158294,333,2015-02-14
219,"Ball St.","MAC","6-16",0.364613646202935,100.500020260052,196,105.472804520059,237,64.6892274454422,208,"7.9-21.1","3.8-14.2",-10.7116405711899,277,2015-02-14
11,"Baylor","B12","17-7",0.94274537675097,117.703523760173,10,92.2570502585623,33,62.7052166846229,295,"23.6-9.4","10.5-7.5",3.00050369398967,17,2015-02-14
187,"Belmont","OVC","15-10",0.427522968487223,104.353431991721,125,107.036698078611,278,68.2390747904459,39,"18.2-13.8","9.9-6.1",-5.61252101530488,162,2015-02-14
325,"Bethune Cookman","MEAC","6-17",0.116947511493627,88.1031129152464,341,105.036124955779,232,61.4584667192801,325,"9.6-20.4","7.2-8.8",-14.6660732240545,332,2015-02-14
338,"Binghamton","AE","3-23",0.0888174616548177,88.9914917987329,336,108.960939098041,302,64.0536789683569,237,"3.9-26.1","3.8-12.2",-18.0293951084121,348,2015-02-14
64,"Boise St.","MWC","16-7",0.782231913046854,110.514893080388,43,98.8849641769899,122,63.1860840540009,275,"22.1-9.9","12.2-5.8",-0.535075373907083,58,2015-02-14
108,"Boston College","ACC","9-14",0.672820870742754,105.085982817278,103,98.7000784681195,119,64.067743549955,236,"12.2-19.8","3.7-14.3",-4.85879280684816,151,2015-02-14
207,"Boston University","Pat","10-14",0.386581957868261,105.222128053721,100,109.532541488495,309,64.7895324775628,201,"12.7-16.3","9.3-8.7",-9.57338728317324,255,2015-02-14
81,"Bowling Green","MAC","17-5",0.747657075781785,101.445398240484,176,92.3026088296062,35,64.288839712008,228,"24.3-7.7","13.2-4.8",-0.788541704366811,61,2015-02-14
233,"Bradley","MVC","7-18",0.346102406579088,94.3207737338913,302,99.6859350480925,132,62.8184894238758,292,"9.1-22.9","4.5-13.5",-11.4311868128003,294,2015-02-14
232,"Brown","Ivy","9-14",0.347266574787639,97.2587221037558,261,102.745067646531,183,68.8107822755258,27,"11.8-17.2","4.8-9.2",-9.19289548006679,245,2015-02-14
230,"Bryant","NEC","12-13",0.349089913811208,102.181369974515,162,107.870014845815,287,63.9864293905115,241,"15.7-15.3","11.7-6.3",-8.89970208644451,238,2015-02-14
216,"Bucknell","Pat","13-12",0.375831485851815,100.998640525784,183,105.553540722774,241,64.7875081715102,202,"17.1-15.9","11.6-6.4",-7.15396936252428,190,2015-02-14
77,"Buffalo","MAC","15-9",0.754370023255211,109.06345465299,53,98.9247750565989,123,69.3248131343423,22,"20-13","9.7-8.3",-3.31353365065623,110,2015-02-14
20,"Butler","BE","18-7",0.909250557494827,110.09638889684,46,90.1038904846964,13,64.9096114441241,195,"23.5-10.5","11.9-6.1",2.79309712324877,18,2015-02-14
30,"BYU","WCC","18-8",0.87260362885312,117.942556044075,9,99.7710292101473,133,71.1362600629338,7,"22-11","11.6-6.4",-0.833485116361298,63,2015-02-14
116,"Cal Poly","BW","10-11",0.632892849929174,102.173879572589,163,97.447660942227,101,60.2000657794972,342,"13.4-13.6","7.9-8.1",-5.34885350341403,159,2015-02-14
247,"Cal St. Bakersfield","WAC","8-16",0.326972888022252,97.6730426091184,256,104.000971528793,211,61.945641006882,312,"11.6-18.4","7.7-6.3",-12.1904721316778,305,2015-02-14
256,"Cal St. Fullerton","BW","7-16",0.307789097059591,97.1586732410596,262,104.253101666109,218,66.7732226451004,96,"8.6-20.4","2.6-13.4",-11.3519218529956,290,2015-02-14
278,"Cal St. Northridge","BW","5-21",0.263870487140597,96.5522829992606,275,105.561898348079,242,66.0016924950729,134,"6.5-24.5","3.3-12.7",-13.9605818069185,323,2015-02-14
133,"California","P12","16-9",0.580736139698877,99.109313367164,216,96.3409368449691,82,65.8810384810936,139,"17.8-15.2","7.2-10.8",-1.96169869148858,85,2015-02-14
279,"Campbell","BSth","6-18",0.262983810336985,96.0223385873749,283,105.024227907984,231,62.4921957228466,301,"8-21","4.7-13.3",-14.1727226448747,327,2015-02-14
172,"Canisius","MAAC","12-12",0.475884445796423,96.6295378592747,272,97.444111819518,100,64.0854691017836,234,"17.3-15.7","10.3-9.7",-7.94263147461789,216,2015-02-14
349,"Central Arkansas","Slnd","1-21",0.0367917624357816,89.030120851809,335,118.260215723628,350,71.1479525462937,6,"1.6-27.4","1.6-16.4",-18.0310941375729,349,2015-02-14
345,"Central Connecticut","NEC","3-24",0.0704163012484554,90.2281235160352,332,112.924124776726,335,64.0262325236738,239,"3.7-27.3","1.7-16.3",-20.2452178206226,351,2015-02-14
75,"Central Michigan","MAC","15-5",0.762665505733134,112.595884083834,28,101.727386155581,165,65.3746072947895,165,"20.7-8.3","12.3-5.7",-1.41562773097714,76,2015-02-14
218,"Charleston Southern","BSth","13-9",0.373528550025973,103.618966218777,137,108.384638094528,296,65.8084673866878,144,"16.1-11.9","12.3-5.7",-4.57562135226676,140,2015-02-14
157,"Charlotte","CUSA","11-14",0.515065714354521,107.595600854789,67,107.033078059211,277,67.2030682105536,74,"15.4-16.6","7.8-10.2",-7.05567044245327,188,2015-02-14
162,"Chattanooga","SC","16-9",0.501989726794371,103.417955654658,141,103.346406655166,198,65.8812563077827,138,"19.4-10.6","13.6-4.4",-4.33659066648854,131,2015-02-14
342,"Chicago St.","WAC","3-20",0.080413757594142,88.4284720701247,338,109.298679019414,305,63.8406627374716,245,"4.2-24.8","3-11",-14.5621754640669,331,2015-02-14
49,"Cincinnati","Amer","17-8",0.818366820006521,105.103482003691,102,92.2080913036182,32,60.7001718940069,337,"22.3-11.7","11.6-6.4",-1.32705434258304,74,2015-02-14
50,"Clemson","ACC","15-10",0.815668393343911,103.469258595936,140,90.9169624757302,19,61.7674871947962,320,"17.6-13.4","9-9",-1.27178304071857,73,2015-02-14
120,"Cleveland St.","Horz","13-11",0.62396852399444,104.952704797304,108,100.431176450999,141,61.6624960232743,322,"17.2-14.8","11.2-4.8",-5.32876130731074,158,2015-02-14
166,"Coastal Carolina","BSth","14-8",0.490635552336111,104.229851177471,127,104.569941903372,223,63.2906468185366,268,"18.8-11.2","11.7-6.3",-4.70844089610511,145,2015-02-14
183,"Colgate","Pat","11-15",0.44005325571801,103.650605481249,136,105.84518418766,249,61.0402799899316,331,"15-17","11.5-6.5",-9.88246940308609,263,2015-02-14
265,"College of Charleston","CAA","7-19",0.288333352059459,94.4284925558708,300,102.146433442329,173,61.7949706048847,318,"9.8-23.2","4.1-13.9",-13.1337304476143,316,2015-02-14
88,"Colorado","P12","11-12",0.731072570285836,104.425949477856,124,95.7284457233784,75,63.760353243861,251,"16.4-17.6","6.8-11.2",-4.51766775593313,137,2015-02-14
54,"Colorado St.","MWC","20-5",0.811258548998539,111.70736655215,32,98.4040435110034,114,67.4578760246066,63,"26.1-6.9","12.1-5.9",0.744568282581829,35,2015-02-14
153,"Columbia","Ivy","10-11",0.521087530294751,105.29076425423,99,104.520848609135,222,59.9515493484589,343,"13-14","6-8",-7.02961901815909,187,2015-02-14
94,"Connecticut","Amer","14-10",0.718908392268823,103.489175698731,139,95.3744015055367,67,63.6290147894145,258,"19.8-15.2","10-8",-2.46647565199544,92,2015-02-14
323,"Coppin St.","MEAC","4-20",0.127609460378335,95.8250869075187,286,113.259063812589,336,74.2664428728858,3,"5.9-24.1","5.3-10.7",-14.0574958050941,325,2015-02-14
197,"Cornell","Ivy","11-12",0.413683524452753,94.292955061775,305,97.1963638137984,94,66.1067080279436,127,"13.5-15.5","6.5-7.5",-7.42397042060709,199,2015-02-14
114,"Creighton","BE","12-14",0.639015215035746,106.407098468349,80,101.251961252727,156,63.6479314844774,255,"13.9-19.1","4.2-13.8",-4.21871866233214,128,2015-02-14
208,"Dartmouth","Ivy","9-13",0.386519647376931,97.9573705820335,247,101.972513991404,170,62.9212965737382,289,"12.3-16.7","5-9",-8.91606330191029,240,2015-02-14
42,"Davidson","A10","16-6",0.84602977436326,119.955627384544,6,103.437316207977,201,68.0497059212021,46,"21.6-9.4","12.1-5.9",-0.116642745283578,48,2015-02-14
48,"Dayton","A10","19-5",0.8227552846663,106.120248145707,85,92.8591216052312,39,64.3445241241347,224,"26.2-9.8","13.1-4.9",0.901262960921709,33,2015-02-14
288,"Delaware","CAA","7-18",0.237814082719843,100.449159936525,197,111.155497889127,326,65.8737298289544,140,"8.7-21.3","7.5-10.5",-12.7314261283022,314,2015-02-14
283,"Delaware St.","MEAC","10-13",0.246743197624697,98.1877840076889,240,108.19447895645,294,67.709650345252,55,"15.8-18.2","9.3-6.7",-7.55531545795072,205,2015-02-14
222,"Denver","Sum","10-15",0.363527317675223,104.602718242912,120,109.823305459332,313,58.6143195313302,349,"12.3-17.7","5.9-10.1",-10.1802813126318,268,2015-02-14
111,"DePaul","BE","12-14",0.662135822046887,109.777014003828,48,103.538600076413,203,68.6005941861892,34,"14.2-17.8","7.7-10.3",-4.13916131156047,124,2015-02-14
188,"Detroit","Horz","10-15",0.426502188008274,98.7798407473161,226,101.356555613843,158,68.560370631912,36,"12.2-18.8","6.2-9.8",-8.75824779428539,233,2015-02-14
260,"Drake","MVC","7-18",0.292154745312736,102.562537027845,155,110.766479692784,320,59.9227815620107,344,"8.8-21.2","6.4-11.6",-10.0910609502813,266,2015-02-14
223,"Drexel","CAA","10-13",0.361500051538964,96.0685613919988,280,100.940189012288,153,61.7431940288711,321,"12.4-16.6","9.8-8.2",-8.68699308675005,228,2015-02-14
7,"Duke","ACC","22-3",0.960402415554196,123.31869491327,2,93.4572229774253,48,67.5823650874583,58,"32.1-6.9","13.8-4.2",7.67312556460634,4,2015-02-14
228,"Duquesne","A10","7-15",0.349934003095851,104.979453436319,106,110.788100539753,321,67.2436483208617,70,"9.2-20.8","4.6-13.4",-9.4928622874091,251,2015-02-14
202,"East Carolina","Amer","9-14",0.392389064538549,100.972070701238,185,104.885405478464,227,61.9517175085193,311,"11.8-19.2","6.1-11.9",-7.79760684175954,210,2015-02-14
190,"East Tennessee St.","SC","13-10",0.423185967816562,103.042161080924,146,105.854909944101,250,67.6088694683468,57,"15.5-12.5","9.2-8.8",-5.74452498951377,165,2015-02-14
245,"Eastern Illinois","OVC","13-11",0.331145145733234,94.7864092163374,295,100.761603556159,149,63.2367373845202,272,"15.6-15.4","9.2-6.8",-6.33505102997482,176,2015-02-14
132,"Eastern Kentucky","OVC","14-9",0.586431973061238,105.061548676799,104,101.918974015791,169,64.7243123041103,206,"20.2-10.8","11.2-4.8",-4.12247308417338,123,2015-02-14
127,"Eastern Michigan","MAC","12-9",0.599106551011843,96.9385746643426,267,93.6105681649825,50,66.9593721733284,86,"16.9-14.1","7.9-10.1",-4.15276846229293,126,2015-02-14
138,"Eastern Washington","BSky","16-6",0.566730549853212,110.351168875807,44,107.804327245957,286,68.1334142718981,44,"22.5-9.5","14.4-3.6",-1.59881756533234,80,2015-02-14
293,"Elon","CAA","9-16",0.221768430532483,94.5974956455679,298,105.508907941244,238,69.0334515291777,23,"10.7-20.3","4.1-13.9",-11.4144540224763,293,2015-02-14
136,"Evansville","MVC","17-8",0.573834825335304,103.166949297058,144,100.532163303481,144,65.9911931236216,135,"22.1-12.9","9.4-8.6",-3.07474416552957,98,2015-02-14
295,"Fairfield","MAAC","6-19",0.220127720178886,92.7982944882931,316,103.588000660447,206,62.9286284750269,288,"8.1-22.9","5.8-14.2",-14.4342542984183,328,2015-02-14
320,"Fairleigh Dickinson","NEC","6-18",0.1350236159127,93.6927877927916,309,110.114577046027,314,67.7448469427818,54,"7.5-20.5","3.5-14.5",-13.8678339996919,322,2015-02-14
258,"FIU","CUSA","10-13",0.298185384646363,93.4806904477803,310,100.704014970347,147,65.0435715464836,181,"13.1-17.9","7.6-10.4",-8.61017091510413,227,2015-02-14
24,"Florida","SEC","12-13",0.891560473925328,108.313539674183,60,90.1821804845587,14,62.5970605094153,296,"16.6-16.4","8.8-9.2",-2.89710266007636,95,2015-02-14
350,"Florida A&M","MEAC","1-23",0.0210703048700987,82.5456530547398,350,115.254461371534,344,66.8744547559829,90,"1.7-27.3","1.7-14.3",-19.5087036880002,350,2015-02-14
272,"Florida Atlantic","CUSA","6-15",0.280164863830948,94.9347386415582,291,103.0532342441,190,64.915237174705,194,"8.5-18.5","3.5-14.5",-10.7242433565003,278,2015-02-14
152,"Florida Gulf Coast","ASun","16-7",0.523862945763881,97.7726519245475,253,96.9638704629842,89,65.4647609572509,161,"21.7-8.3","12.2-1.8",-2.44366902382789,91,2015-02-14
101,"Florida St.","ACC","14-12",0.691795884260895,104.111413452143,128,97.0430571374589,91,66.5265299857027,107,"16.1-16.9","7.7-10.3",-3.24650541313163,106,2015-02-14
217,"Fordham","A10","5-16",0.374365130900954,98.800544337403,224,103.312498312509,197,67.3468823682066,66,"7.7-22.3","3.2-14.8",-9.8493436857691,262,2015-02-14
195,"Fresno St.","MWC","10-13",0.414470349909921,100.062514254404,205,103.114492554826,192,65.2114143149238,177,"11.9-18.1","8.8-9.2",-7.63790709878243,206,2015-02-14
305,"Furman","SC","5-18",0.18367956970465,98.8784703217678,222,112.572460250132,331,63.256157087733,269,"7.7-23.3","5.6-12.4",-13.225654839258,318,2015-02-14
227,"Gardner Webb","BSth","12-11",0.351250318497485,104.656739317714,118,110.392017885889,316,68.4198886652332,37,"15.4-15.6","10.1-7.9",-5.80978720328677,166,2015-02-14
185,"George Mason","A10","7-16",0.43355499094355,98.6194481602207,230,100.939093402128,152,65.8163488852071,143,"9.5-20.5","4.9-13.1",-8.75960732568141,234,2015-02-14
80,"George Washington","A10","17-8",0.748776941006242,104.924665571421,110,95.4189706853531,69,63.4829760464067,265,"22.1-12.9","10.3-7.7",-0.914610441772783,68,2015-02-14
23,"Georgetown","BE","16-8",0.89436004593391,110.70243738475,42,91.9367173476116,29,65.2494540058047,172,"21.5-11.5","11.1-6.9",2.52073977269335,23,2015-02-14
34,"Georgia","SEC","16-8",0.864799969385798,108.424165294176,59,92.2665848693939,34,65.6459276166309,155,"20.9-12.1","10.4-7.6",0.787300931278919,34,2015-02-14
137,"Georgia Southern","SB","15-5",0.568426606038919,99.74686205202,211,97.3862237641511,97,65.0912151879462,179,"19.7-8.3","14.8-5.2",-2.29337976977866,87,2015-02-14
95,"Georgia St.","SB","16-8",0.711799243648251,107.029147515423,75,98.9367202138403,124,64.1821918814163,232,"22.5-11.5","14.7-5.3",-3.07563999678791,99,2015-02-14
69,"Georgia Tech","ACC","11-14",0.776688170149197,102.674439220037,154,92.1275950620493,31,64.506687119426,219,"13.2-17.8","3.6-14.4",-4.48894986132218,135,2015-02-14
5,"Gonzaga","WCC","25-1",0.963703013727172,120.58901254637,4,90.6724466394457,16,65.4113039753225,164,"34.3-2.7","17.6-0.4",6.37113019531587,7,2015-02-14
351,"Grambling St.","SWAC","0-20",0.0129462580896233,79.5879160536082,351,116.015601870756,347,65.8644934903761,141,"0.8-26.2","0.6-17.4",-15.5071472224515,339,2015-02-14
249,"Grand Canyon","WAC","13-11",0.325585273028289,105.770789794253,91,112.685183485379,332,64.3306326037602,226,"16.8-13.2","9.2-4.8",-7.07828117954352,189,2015-02-14
79,"Green Bay","Horz","18-6",0.753895597693142,101.242958638135,181,91.8517168044604,28,65.711711002638,150,"22.9-8.1","12.4-3.6",-0.164099866632385,51,2015-02-14
306,"Hampton","MEAC","10-14",0.18104569229014,90.2425162864367,331,102.898422343164,187,68.838983532885,26,"13.7-21.3","7.9-8.1",-10.1982283521075,269,2015-02-14
285,"Hartford","AE","11-13",0.243932438594848,95.6969992177846,287,105.5891467566,243,64.4549817437458,220,"13.2-15.8","7-9",-8.88592553545841,237,2015-02-14
93,"Harvard","Ivy","15-5",0.719932454447538,98.9480430011102,221,91.1491276130928,23,63.1182539718972,277,"20.3-7.7","11.6-2.4",-0.457667124747394,56,2015-02-14
112,"Hawaii","BW","16-9",0.659504283901188,101.890833464342,165,96.1987388110933,81,69.9383600470733,19,"20.2-12.8","8.7-7.3",-4.25838205139227,130,2015-02-14
173,"High Point","BSth","16-7",0.475484051495258,104.96872972265,107,105.868379899923,251,63.0949368835879,279,"20.3-9.7","12.6-5.4",-2.47506862765358,93,2015-02-14
131,"Hofstra","CAA","16-10",0.589295308403229,106.674745287387,78,103.37762329177,199,70.0738768176003,17,"21-13","10.2-7.8",-6.30806473813516,175,2015-02-14
263,"Holy Cross","Pat","10-13",0.28965548080032,97.2608121496175,260,105.151396964839,234,63.487007888075,264,"12.6-16.4","7.6-10.4",-9.0270284783319,243,2015-02-14
210,"Houston","Amer","9-14",0.384355060254028,100.055322184079,206,104.239255301775,217,65.7757303926847,147,"12.3-19.7","3.7-14.3",-8.47592192687549,225,2015-02-14
316,"Houston Baptist","Slnd","7-11",0.152199527222553,98.4044121682136,237,114.254610029673,342,66.0149389790967,133,"8.5-15.5","7.5-10.5",-7.75910994167508,208,2015-02-14
276,"Howard","MEAC","10-12",0.267415279449772,92.069746246243,319,100.502149301845,142,63.236123873675,273,"13.6-15.4","9.9-6.1",-8.27832459079141,222,2015-02-14
209,"Idaho","BSky","9-12",0.384498442060539,106.033050035031,88,110.461128990605,317,68.6536073545769,31,"12.8-15.2","9.5-8.5",-8.87510277458412,236,2015-02-14
314,"Idaho St.","BSky","4-19",0.157879088268544,94.4235960733937,301,109.220022508792,304,64.0777167881014,235,"5.2-22.8","4.2-13.8",-15.8527137146482,342,2015-02-14
43,"Illinois","B10","17-8",0.841434715132462,107.43322608608,68,92.9204832025704,40,66.2505526202631,119,"20.8-12.2","9.8-8.2",0.604065184806382,37,2015-02-14
290,"Illinois Chicago","Horz","5-19",0.22954941578841,98.1254114921391,241,109.020757449245,303,67.0288157134323,82,"7.3-24.7","4.4-11.6",-13.3616707110912,319,2015-02-14
63,"Illinois St.","MVC","14-11",0.785214748165101,104.9048480024,112,93.721758621198,51,66.3510250400925,116,"19.5-14.5","10.1-7.9",-4.20599196741981,127,2015-02-14
224,"Incarnate Word","Slnd","11-6",0.360591283967768,108.12868918309,63,113.650809085783,338,68.3496926105795,38,"15.5-9.5","10.9-7.1",-3.12159589357721,100,2015-02-14
46,"Indiana","B10","17-8",0.836340299947581,120.250099403723,5,104.347453518481,219,67.655339332557,56,"22.1-11.9","10.6-7.4",1.46822607195627,29,2015-02-14
145,"Indiana St.","MVC","12-13",0.532654669810705,102.6896690245,152,101.52825986092,161,67.181838843241,76,"14.5-15.5","11-7",-6.3612209279911,177,2015-02-14
106,"Iona","MAAC","20-6",0.678268724138639,113.665064075871,22,106.527330407551,262,70.9077487039262,9,"26.1-8.9","16.6-3.4",-1.3281603263096,75,2015-02-14
21,"Iowa","B10","15-9",0.904926099968451,115.848191950232,15,95.235265928425,66,64.6100836033502,213,"21.8-12.2","11.2-6.8",1.14880248769383,31,2015-02-14
19,"Iowa St.","B12","18-6",0.909593495020179,116.587698004994,13,95.3819009928363,68,70.4387609441903,14,"23-11","10.9-7.1",3.19477278168401,16,2015-02-14
199,"IPFW","Sum","11-11",0.404115675550925,103.047870663889,145,106.587133879117,263,65.5236595120056,159,"14.1-13.9","9.3-6.7",-6.83641594902924,183,2015-02-14
274,"IUPUI","Sum","9-17",0.275410888004313,91.4800507619568,325,99.5079460417607,130,64.6704574357416,210,"11.3-19.7","6.9-9.1",-11.1018184181119,284,2015-02-14
330,"Jackson St.","SWAC","8-17",0.112423528443248,88.1826370901557,340,105.539101518964,240,64.9554839551635,187,"11.9-20.1","9.6-8.4",-13.0989960406731,315,2015-02-14
339,"Jacksonville","ASun","5-19",0.0856415604342247,92.755675303704,317,113.964437959329,341,63.6694245206289,253,"6.1-22.9","3.1-10.9",-15.0443896333194,335,2015-02-14
311,"Jacksonville St.","OVC","9-17",0.168850825042102,93.3740075860842,312,107.254419887134,283,63.7807099546023,249,"9.9-19.1","4.9-11.1",-12.7197150188184,313,2015-02-14
204,"James Madison","CAA","16-11",0.392087103290252,100.558682619075,195,104.467501958529,221,65.2197559574564,176,"18.7-14.3","11.1-6.9",-5.93422348955368,167,2015-02-14
10,"Kansas","B12","21-4",0.945527625514616,116.739660551134,12,91.0827215276988,21,67.2222623811329,72,"28.5-7.5","14.1-3.9",7.83093560411624,3,2015-02-14
71,"Kansas St.","B12","13-13",0.769889043916678,106.045782020545,87,95.474083869575,71,62.5352524571903,298,"14.7-17.3","7.2-10.8",-2.35651581739699,88,2015-02-14
336,"Kennesaw St.","ASun","7-18",0.0926828831578492,91.5805593990253,324,111.675086612393,327,67.2280818354694,71,"7.9-22.1","3.8-10.2",-13.4620998230651,321,2015-02-14
124,"Kent St.","MAC","16-8",0.61380128433089,102.249254746946,161,98.2116536695085,112,62.2679081783336,305,"21.6-12.4","11.4-6.6",-3.16753167981635,103,2015-02-14
1,"Kentucky","SEC","25-0",0.986304196269653,118.072430939199,8,81.4016916510974,1,63.0876111930179,281,"37.9-1.1","17.7-0.3",9.30771161738567,1,2015-02-14
97,"La Salle","A10","14-11",0.702731816526394,100.697488009448,191,93.4389821134933,47,65.0350605726351,182,"18.7-14.3","9.9-8.1",-3.27890997753758,109,2015-02-14
246,"Lafayette","Pat","13-11",0.329933850376286,106.714970102998,77,113.496134158346,337,65.6998675364443,152,"16.8-15.2","8.2-9.8",-6.79244157357624,182,2015-02-14
298,"Lamar","Slnd","8-12",0.20695901901006,96.0107506740421,285,107.907412897875,288,67.0198297045294,83,"10.2-15.8","8.2-9.8",-7.90177308234584,214,2015-02-14
184,"Lehigh","Pat","13-11",0.437171824671585,97.7238649766888,255,99.8945565509842,136,67.4404472202836,64,"16-13","10.3-7.7",-6.89033632304836,184,2015-02-14
341,"Liberty","BSth","3-20",0.0810963905731055,86.3684287337453,345,106.667111459767,269,66.0221562843218,130,"4.1-23.9","2-16",-16.9234088267181,345,2015-02-14
300,"Lipscomb","ASun","8-14",0.203980412349,98.4705002462213,234,110.847679033528,322,68.0744860488354,45,"10-18","6.7-7.3",-9.97365032767063,264,2015-02-14
262,"LIU Brooklyn","NEC","12-13",0.289733263335974,96.729110014598,270,104.573121477287,224,67.1515135031574,77,"14.1-15.9","9.9-8.1",-9.26420733072671,246,2015-02-14
119,"Long Beach St.","BW","11-14",0.624891105772052,103.875625854432,133,99.366502289257,128,65.4352506780734,162,"14.8-16.2","10.4-5.6",-3.7145695310943,115,2015-02-14
315,"Longwood","BSth","5-20",0.155876382670685,94.8097149616925,294,109.811135621788,312,67.3346728107392,67,"7.6-24.4","4.6-13.4",-15.6145795958682,340,2015-02-14
159,"Louisiana Lafayette","SB","11-12",0.508548986669034,102.942923186949,150,102.637241085804,182,71.6409763247065,5,"16.3-16.7","11.2-8.8",-8.20011621439756,219,2015-02-14
149,"Louisiana Monroe","SB","14-8",0.525249127506661,96.0522655468361,281,95.2116867516886,65,61.7813876186478,319,"21.1-12.9","15.3-4.7",-3.83321179065068,117,2015-02-14
91,"Louisiana Tech","CUSA","19-6",0.724859258524957,105.596037322123,92,97.0655495283973,93,67.8913926855459,49,"25-10","14.4-3.6",-1.08922515588076,70,2015-02-14
13,"Louisville","ACC","20-5",0.933610961195592,108.760795246721,56,86.4251692461544,6,66.8848665350625,89,"27.1-8.9","12-6",4.59104213088067,11,2015-02-14
146,"Loyola Chicago","MVC","13-10",0.530978126097873,101.745600618978,169,100.653786023934,145,60.7775307985149,334,"19.1-15.9","7.2-10.8",-4.00408302579696,121,2015-02-14
193,"Loyola Marymount","WCC","7-19",0.417637857368435,103.939825598433,132,106.988702543375,275,62.5288149238001,299,"8.7-21.3","5.2-12.8",-9.70253602946293,258,2015-02-14
292,"Loyola MD","Pat","10-15",0.223239219850692,93.4003477282884,311,104.096687504266,213,63.9524668323322,242,"11.7-18.3","7.4-10.6",-10.4256811880001,274,2015-02-14
45,"LSU","SEC","18-7",0.839607906206554,107.185461046288,71,92.8161172291515,37,71.1091247363536,8,"22.6-10.4","10.3-7.7",0.689711754223296,36,2015-02-14
343,"Maine","AE","3-22",0.0792652975539798,91.1748459476067,327,112.846528899282,334,66.6217966643486,103,"4-26","3-13",-16.5769009394343,344,2015-02-14
177,"Manhattan","MAAC","12-12",0.458798829731512,100.709765423303,190,102.166739666055,175,67.7730310649318,53,"17.3-15.7","11.9-8.1",-7.80876579239369,212,2015-02-14
309,"Marist","MAAC","6-19",0.170094191847563,93.2131084320854,313,106.987387797823,274,65.3308425467007,169,"7.4-24.6","6-14",-15.088547114289799,337,2015-02-14
85,"Marquette","BE","11-14",0.739026171010177,103.27597534957,143,94.3386139586265,57,64.5096197827334,218,"13.2-18.8","4.7-13.3",-3.68710930715451,114,2015-02-14
252,"Marshall","CUSA","7-16",0.319409658830907,94.9316094810352,292,101.386316031021,160,70.5298093356667,13,"9.3-20.7","7.1-10.9",-11.3699613972888,291,2015-02-14
41,"Maryland","B10","21-5",0.846896918824007,108.612769075422,57,93.6020860559466,49,65.3067267271396,170,"25.9-9.1","12-6",4.73791029583272,10,2015-02-14
243,"Maryland Eastern Shore","MEAC","14-13",0.334039741035156,101.666804173179,173,107.953246872803,290,64.5218469866613,217,"17.6-15.4","9.7-6.3",-8.00585343875419,217,2015-02-14
109,"Massachusetts","A10","16-9",0.67279911280521,103.745023747036,135,97.4414447707467,99,67.5817490787521,59,"19.3-12.7","11.8-6.2",-1.44548300243317,77,2015-02-14
275,"McNeese St.","Slnd","5-14",0.272320989692944,99.7470342228195,210,108.647100891947,297,64.1856801215118,231,"10.3-16.7","7.5-10.5",-9.50493818374414,252,2015-02-14
67,"Memphis","Amer","15-10",0.777539009119466,102.914164398079,151,92.3032594854582,36,67.216659217952,73,"18.8-13.2","10.4-7.6",-3.85994815796237,119,2015-02-14
143,"Mercer","SC","13-12",0.542467749998152,104.928970325996,109,103.386726336599,200,59.7316263713995,345,"18.3-14.7","12.4-5.6",-7.15890052094666,191,2015-02-14
47,"Miami FL","ACC","15-9",0.834131254831193,110.293911333588,45,95.8416233943109,76,62.8495451207336,290,"23.1-14.9","9-9",-0.326138973952931,53,2015-02-14
255,"Miami OH","MAC","8-16",0.308220483426004,99.8911010061229,208,107.16618584458,281,65.6266473852409,157,"9.4-21.6","5.3-12.7",-10.906267755634,282,2015-02-14
70,"Michigan","B10","12-12",0.775412730583039,105.536264744353,93,94.7558995583532,61,60.4180378600128,338,"14.8-16.2","8.4-9.6",-1.97124319178309,86,2015-02-14
17,"Michigan St.","B10","17-8",0.916601001296165,112.019117558401,30,90.9428820391992,20,65.0183063240072,183,"23.7-15.3","11.4-6.6",0.385805387364975,41,2015-02-14
176,"Middle Tennessee","CUSA","12-13",0.459760115638926,97.8721170388366,251,99.2546248239872,126,61.8850429428157,315,"16.5-18.5","8.7-9.3",-7.5490494091197,204,2015-02-14
238,"Milwaukee","Horz","8-15",0.338313400739361,100.298209355869,199,106.322822216941,258,64.9399549842085,191,"9.8-18.2","6.8-9.2",-8.74050134582433,231,2015-02-14
40,"Minnesota","B10","15-9",0.852111291476801,109.83946222511,47,94.3240918179307,56,68.7095497889075,29,"18.7-13.3","7.6-10.4",-0.803912826839308,62,2015-02-14
35,"Mississippi","SEC","17-8",0.862164965708829,114.614532682652,20,97.7242241662816,106,66.5891609222659,104,"22.4-11.6","11.9-6.1",0.55221083835281,39,2015-02-14
154,"Mississippi St.","SEC","11-13",0.520789429348075,98.5738443561058,233,97.8632091852272,107,64.3548465675454,223,"12.9-18.1","6.5-11.5",-6.13884306203354,172,2015-02-14
347,"Mississippi Valley St.","SWAC","5-20",0.0540162805109139,90.5567189059227,330,116.155251980555,348,70.6556113745125,10,"7.1-24.9","6-12",-15.1644157655681,338,2015-02-14
174,"Missouri","SEC","6-18",0.473548993970488,101.803886443768,167,102.745723057861,184,62.7085673925869,294,"7.4-23.6","2.2-15.8",-8.21837734913687,221,2015-02-14
231,"Missouri St.","MVC","7-16",0.348869047317809,97.7621773172207,254,103.213521541341,193,62.0817609859341,307,"9.3-19.7","4.8-13.2",-9.48441950743139,250,2015-02-14
191,"Monmouth","MAAC","14-12",0.421158674525234,97.9767276334236,246,100.723967451389,148,63.6448896753206,256,"17.4-15.6","12.7-7.3",-7.19648581588743,192,2015-02-14
168,"Montana","BSky","12-10",0.487473141683447,100.826080552123,187,101.26644756792,157,62.7769340577244,293,"17.2-13.8","13.1-4.9",-6.03198451898292,169,2015-02-14
308,"Montana St.","BSky","5-19",0.179533858460203,93.954156224827,308,107.225936673169,282,66.1867988309548,123,"6.8-22.2","4.8-13.2",-14.5322297618438,330,2015-02-14
178,"Morehead St.","OVC","10-16",0.45675100070714,100.094620443945,204,101.61556880312,162,64.7595820675799,205,"13.7-18.3","9.4-6.6",-10.3945152377822,273,2015-02-14
322,"Morgan St.","MEAC","7-18",0.13118186758253,92.2784566471418,318,108.766815941964,300,64.5767824985372,214,"9.2-21.8","6.8-9.2",-13.1645203498702,317,2015-02-14
240,"Mount St. Mary's","NEC","12-13",0.336600540595859,94.0773638785807,307,99.7947684380839,134,62.5074319447828,300,"15.3-14.7","10.7-7.3",-7.88314214292713,213,2015-02-14
73,"Murray St.","OVC","21-4",0.76637157115523,113.339124929318,24,102.215744105258,176,67.0711749087331,81,"26.6-6.4","15.5-0.5",0.274503738326919,43,2015-02-14
259,"Navy","Pat","9-16",0.295105268703087,98.0752868251578,243,105.78935297642,247,61.9125455988617,314,"11.8-19.2","7.9-10.1",-11.507711530923,297,2015-02-14
86,"Nebraska","B10","13-11",0.735914214193979,97.5642704055363,257,89.2458446589948,8,63.8129811776697,247,"15-16","6.6-11.4",-2.43905706302074,90,2015-02-14
280,"Nebraska Omaha","Sum","8-16",0.262823271908136,100.295022675347,200,109.705369659242,310,74.6848580020635,2,"9.5-18.5","4-12",-12.2339555674632,306,2015-02-14
250,"Nevada","MWC","6-16",0.320106763661405,98.6575583288003,229,105.336244325593,236,63.4657752124034,266,"8-21","5.9-12.1",-11.1929924554709,288,2015-02-14
203,"New Hampshire","AE","14-10",0.392219840827706,97.1136717069352,263,100.883694787297,150,64.8847963212407,198,"17.2-12.8","10.8-5.2",-6.90861036026828,185,2015-02-14
105,"New Mexico","MWC","14-11",0.681348263498356,100.316176442887,198,93.9011090357642,54,63.2082977141525,274,"17.4-13.6","8.6-9.4",-4.96484066094467,156,2015-02-14
110,"New Mexico St.","WAC","15-10",0.663241850196478,104.546024617374,121,98.5624612857888,116,64.9224238693764,193,"20.2-11.8","12.4-1.6",-4.91243161796718,154,2015-02-14
326,"New Orleans","Slnd","4-13",0.115861608549867,90.7853952905262,328,108.333340830516,295,68.00902034184,47,"7.2-18.8","5.4-12.6",-8.99814886674323,242,2015-02-14
304,"Niagara","MAAC","4-20",0.18409489677856,96.1269312996744,279,109.413518115335,307,66.1192705239622,126,"5.6-24.4","4.4-15.6",-14.8548414190078,334,2015-02-14
334,"Nicholls St.","Slnd","4-15",0.100194897601168,85.1132227903529,348,103.013213428175,189,66.5590786647833,106,"6.2-19.8","5.7-12.3",-10.8243415938268,281,2015-02-14
196,"NJIT","Ind","13-11",0.414245032730126,100.641983737195,193,103.720010284848,208,67.1979426101832,75,"15.7-13.3","0-0",-6.27635248407238,174,2015-02-14
205,"Norfolk St.","MEAC","14-11",0.391699198663358,100.803040013387,188,104.736181099108,226,65.8995942920626,137,"18.4-13.6","11.6-4.4",-6.05774102089334,170,2015-02-14
12,"North Carolina","ACC","18-7",0.94148631486959,118.519449406871,7,93.0832768226826,43,70.3665058933157,15,"26.1-11.9","11.9-6.1",4.29238196745087,12,2015-02-14
332,"North Carolina A&T","MEAC","4-20",0.107617010923245,89.9635503735214,333,108.131185714992,291,63.523304391057,263,"7-23","5.5-10.5",-15.7032913835939,341,2015-02-14
134,"North Carolina Central","MEAC","16-6",0.577770265974743,99.0301138972763,218,96.3658698677585,83,60.3150502162864,341,"22.6-7.4","15.7-0.3",-1.54570519580511,78,2015-02-14
38,"North Carolina St.","ACC","15-11",0.856469188721496,113.372196348551,23,97.0618566944785,92,66.020786143433,131,"19.7-16.3","8.8-9.2",-0.623467542243569,59,2015-02-14
299,"North Dakota","BSky","6-16",0.2058331017019,94.6297141485218,297,106.418843185277,260,68.6721733407393,30,"8.4-19.6","5.9-12.1",-10.8063910679946,279,2015-02-14
161,"North Dakota St.","Sum","16-8",0.503905375581121,102.499539679392,156,102.360396872227,179,60.9747973307984,332,"19.6-11.4","12-4",-3.7755177691083,116,2015-02-14
167,"North Florida","ASun","13-11",0.488722415013999,105.397395610685,97,105.811713814677,248,67.5026495322477,60,"19-13","10.9-3.1",-5.49650315719729,160,2015-02-14
226,"North Texas","CUSA","9-13",0.353955924810854,94.5239857241731,299,99.6012736872215,131,66.8182721956993,94,"11.5-17.5","7-11",-8.12589223867997,218,2015-02-14
115,"Northeastern","CAA","17-10",0.633902179542574,104.756600867237,116,99.8731575321868,135,64.3560241233123,222,"21.9-13.1","11.9-6.1",-4.45623762940395,133,2015-02-14
200,"Northern Arizona","BSky","12-12",0.398277804402253,99.6043257041601,212,103.243251050476,194,65.8011710553195,145,"18.5-18.5","11.7-6.3",-7.43676413828378,200,2015-02-14
261,"Northern Colorado","BSky","10-12",0.292038995873172,107.070166869877,73,115.640302162934,345,64.0528398683863,238,"13.1-14.9","9.7-8.3",-8.38124506071881,224,2015-02-14
189,"Northern Illinois","MAC","9-13",0.4238759143117,99.0384308953234,217,101.71689179737,164,62.9600152421254,287,"11.1-17.9","5.9-12.1",-7.91914993162916,215,2015-02-14
16,"Northern Iowa","MVC","23-2",0.918853702953178,112.810748783053,27,91.3482538862604,25,58.6306117913588,348,"31-4","16-2",4.15020199035536,13,2015-02-14
248,"Northern Kentucky","ASun","9-14",0.326397378912872,100.125116958585,202,106.636166446333,267,64.7809204969803,203,"11.9-16.1","7.2-6.8",-9.56703263925632,254,2015-02-14
129,"Northwestern","B10","10-14",0.592246364770015,104.494440230618,122,101.157278087467,154,61.4190666066237,326,"12-20","2.8-15.2",-5.20598547309354,157,2015-02-14
220,"Northwestern St.","Slnd","9-10",0.364550228644312,111.128996213428,37,116.630483062502,349,73.2238437436477,4,"14.4-13.6","12.1-5.9",-5.61544589610704,163,2015-02-14
22,"Notre Dame","ACC","22-4",0.904336237992678,122.218796702677,3,100.532097694252,143,64.0231582902694,240,"28.6-9.4","13.4-4.6",5.20588456143997,8,2015-02-14
160,"Oakland","Horz","10-14",0.506118056455985,108.154216042993,61,107.924294997224,289,66.3920416351387,113,"14.7-16.3","10.1-5.9",-6.02862807457448,168,2015-02-14
225,"Ohio","MAC","9-14",0.358059970326305,100.669672746674,192,105.912080473349,252,66.7362165180564,99,"10.9-19.1","5.8-12.2",-9.34883052631861,247,2015-02-14
14,"Ohio St.","B10","19-7",0.93327292933472,114.61551050794,19,91.1206337156326,22,66.9278115167067,88,"24.8-10.2","11.5-6.5",1.74549841851313,26,2015-02-14
8,"Oklahoma","B12","17-8",0.95233211849727,110.961821719575,39,85.5226559909007,4,68.6293221481296,33,"24.6-10.4","11.8-6.2",2.75842956222027,19,2015-02-14
25,"Oklahoma St.","B12","16-8",0.885905958169529,108.596337532901,58,90.8684321147319,18,64.9331816707725,192,"20.2-10.8","10.2-7.8",2.18689171264921,25,2015-02-14
92,"Old Dominion","CUSA","18-6",0.722018394033773,104.903406342161,113,96.5480067338017,86,60.3958247124213,339,"25.9-9.1","11.8-6.2",-1.18394749239487,71,2015-02-14
194,"Oral Roberts","Sum","12-12",0.416736472761967,103.817949074504,134,106.897705885894,270,65.7876987337248,146,"15.7-16.3","9-7",-7.33607477621172,197,2015-02-14
61,"Oregon","P12","17-8",0.794690879097076,112.417675405926,29,99.9361071073816,137,66.784693480148,95,"20.5-14.5","10.2-7.8",-0.361872152653302,55,2015-02-14
84,"Oregon St.","P12","15-9",0.740249243525414,98.3543873942199,238,89.7933288920392,11,60.3612369748977,340,"17.7-12.3","9.1-8.9",-1.58005063892596,79,2015-02-14
215,"Pacific","WCC","7-16",0.376909275427485,101.46384865992,174,105.997396393206,255,62.0265835609971,309,"8.1-19.9","2.8-15.2",-9.45436079461959,249,2015-02-14
297,"Penn","Ivy","7-14",0.207891071810037,94.3140030582764,304,105.948177109438,253,64.6648644416416,211,"8.6-19.4","3.6-10.4",-9.54487370013106,253,2015-02-14
76,"Penn St.","B10","15-11",0.758564258524346,104.478926520785,123,94.579000023609,60,66.1574838021531,124,"17.7-16.3","4.6-13.4",-2.983799877704,96,2015-02-14
107,"Pepperdine","WCC","14-11",0.67474103436144,101.259752452205,180,95.0341418306212,64,64.2577375658834,230,"17.7-13.3","10.4-7.6",-3.15003624380436,101,2015-02-14
72,"Pittsburgh","ACC","16-9",0.768588164397121,113.020492590923,25,101.818349909414,168,61.042777447914,330,"19.4-13.6","8.3-9.7",-0.161381019400128,50,2015-02-14
103,"Portland","WCC","14-10",0.688837861220961,108.149898580087,62,100.928725562176,151,65.2452508858619,173,"17.4-13.6","8.9-9.1",-3.56414884527236,112,2015-02-14
271,"Portland St.","BSky","10-11",0.280810678439107,100.889750865023,186,109.487028226203,308,66.4217667471042,110,"13.1-13.9","8.7-9.3",-7.41608730988369,198,2015-02-14
303,"Prairie View A&M","SWAC","7-16",0.191628825626987,95.4647912482243,288,108.194228666263,293,68.1932336478908,42,"12.9-19.1","10.9-7.1",-10.5822105641024,275,2015-02-14
324,"Presbyterian","BSth","5-18",0.127406057473025,96.8093267395654,268,114.440564825129,343,62.0279352194612,308,"5.9-22.1","5.5-12.5",-13.9689107262887,324,2015-02-14
181,"Princeton","Ivy","10-12",0.447930261571382,103.400896593805,142,105.297612766737,235,65.373992903332,166,"13-16","7-7",-8.49814029281874,226,2015-02-14
32,"Providence","BE","18-8",0.869226514370251,111.445814633576,35,94.5218416541104,58,65.7543338714347,149,"21.8-12.2","10.6-7.4",2.63684452919267,21,2015-02-14
36,"Purdue","B10","16-9",0.858680061142402,108.774625732523,55,92.9792498203769,41,65.693862715234,153,"20.6-13.4","11.2-6.8",-0.119182448301479,49,2015-02-14
169,"Quinnipiac","MAAC","13-11",0.48619677068048,102.351776539597,160,102.844487061102,186,66.374474639614,115,"16.4-13.6","9.6-10.4",-7.78584071729438,209,2015-02-14
180,"Radford","BSth","16-8",0.447957689123691,105.051551873386,105,106.97751479543,273,64.5345356724255,216,"19.9-11.1","12.6-5.4",-3.85170684024064,118,2015-02-14
65,"Rhode Island","A10","16-6",0.780693065114566,101.277398423002,179,90.6906009558155,17,65.2799704562242,171,"21.6-10.4","12.6-5.4",-0.838404612128399,64,2015-02-14
221,"Rice","CUSA","7-14",0.363914410939974,98.5984271623658,232,103.504292544001,202,61.5151895474772,324,"9.7-19.3","8-10",-9.8089795442452,260,2015-02-14
74,"Richmond","A10","13-12",0.76620093041977,107.038131653982,74,96.5411442435196,85,61.8287001718638,316,"19.1-15.9","9.7-8.3",-4.70406733995297,144,2015-02-14
150,"Rider","MAAC","17-9",0.524305798317914,98.0248497911483,245,97.1989740449166,95,64.2612138665909,229,"21.6-11.4","14.7-5.3",-4.03904300958016,122,2015-02-14
213,"Robert Morris","NEC","13-13",0.379717887806995,97.8947129793058,250,102.162644080444,174,66.5787439680997,105,"17.5-17.5","11.3-6.7",-8.21313554015319,220,2015-02-14
147,"Rutgers","B10","10-16",0.526698179619746,96.5872105941369,273,95.6935762938933,74,64.8976991833296,197,"11-21","2.9-15.1",-6.06276791030322,171,2015-02-14
229,"Sacramento St.","BSky","14-8",0.349708901687301,104.743236076287,117,110.548326350677,318,63.2370378472712,271,"18.4-12.6","12.8-5.2",-4.66117698743031,143,2015-02-14
267,"Sacred Heart","NEC","11-15",0.286900895791473,98.7857432542123,225,106.924799493885,272,69.4249503114682,21,"13.8-17.2","8.5-9.5",-11.4407012629949,295,2015-02-14
158,"Saint Joseph's","A10","11-12",0.510861147773298,98.0474638903644,244,97.6777018257164,103,63.590082799922,259,"13.8-17.2","7.3-10.7",-6.17133866916189,173,2015-02-14
234,"Saint Louis","A10","9-15",0.345985076205658,97.0868719929276,264,102.61400097234,181,63.8038702579876,248,"11.2-19.8","3.7-14.3",-8.74050577475922,232,2015-02-14
56,"Saint Mary's","WCC","18-6",0.80257010730071,109.601601166376,50,97.0184392916372,90,63.3353226021805,267,"21.6-8.4","13.3-4.7",0.465960221819436,40,2015-02-14
186,"Saint Peter's","MAAC","13-13",0.431667483880641,96.3616302652225,277,98.6941408739702,118,61.3047430040533,327,"17.2-16.8","9.6-10.4",-8.84054283366404,235,2015-02-14
90,"Sam Houston St.","Slnd","16-5",0.727065454538439,101.669195171277,172,93.3658555293002,45,65.2295119118434,175,"23.8-7.2","15.8-2.2",-1.86860244557531,84,2015-02-14
281,"Samford","SC","11-16",0.260785266165752,100.592471249472,194,110.131669353897,315,66.9811052543281,85,"12.7-18.3","6.1-11.9",-11.5272456437411,299,2015-02-14
113,"San Diego","WCC","13-13",0.658616869969038,100.131775082167,201,94.5704214222805,59,64.6884672268107,209,"14-16","7.5-10.5",-5.59316457654164,161,2015-02-14
27,"San Diego St.","MWC","19-6",0.878543240288856,100.988996974531,184,85.0254061669035,3,62.2650471699547,306,"25.8-9.2","14-4",1.02887360055209,32,2015-02-14
126,"San Francisco","WCC","9-16",0.605668865694157,106.17740333654,84,102.288226678455,178,66.4059763872623,111,"11.8-19.2","6.1-11.9",-8.91069564316529,239,2015-02-14
346,"San Jose St.","MWC","0-22",0.0592976507826685,84.2388729379192,349,107.12638211439,280,64.8998243724268,196,"0.2-27.8","0.2-17.8",-17.1440308297541,346,2015-02-14
175,"Santa Clara","WCC","9-15",0.472704529031289,104.616188072903,119,105.615149951367,245,60.7276422158268,335,"11.3-18.7","6.6-11.4",-7.24098180098717,195,2015-02-14
344,"Savannah St.","MEAC","4-18",0.0725466431806243,85.4084513253023,347,106.59416563394,264,66.2343605499469,121,"6.9-22.1","4.7-11.3",-12.6291195783043,310,2015-02-14
287,"Seattle","WAC","9-13",0.239099644752532,95.4204070710416,289,105.525776558657,239,62.3063362951629,304,"13.3-18.7","6.4-7.6",-10.0901719588873,265,2015-02-14
58,"Seton Hall","BE","15-10",0.801770288387225,107.75651154012,66,95.426994152102,70,66.6419830978514,101,"17.5-13.5","6.9-11.1",-0.645130012847686,60,2015-02-14
269,"Siena","MAAC","10-15",0.281802503411811,104.799654436705,115,113.68160642311,339,67.2839807171465,68,"12.3-18.7","8.3-11.7",-11.1151508480031,285,2015-02-14
257,"SIU Edwardsville","OVC","8-14",0.303923511659724,94.3154380665217,303,101.362613725774,159,66.4247019941167,109,"10-16","7.6-8.4",-10.1210576107687,267,2015-02-14
26,"SMU","Amer","20-5",0.885410261988858,110.921282114046,40,92.8533531505221,38,63.643361374789,257,"25.6-7.4","14.8-3.2",1.5851980323553,27,2015-02-14
286,"South Alabama","SB","7-17",0.241891138215454,99.369935037296,214,109.747628970699,311,68.5770515087796,35,"9.2-21.8","8.6-11.4",-12.6778213403875,311,2015-02-14
57,"South Carolina","SEC","11-12",0.801884469029276,101.451495559101,175,89.8377854978257,12,66.3863390064461,114,"15.8-16.2","6.2-11.8",-3.20048706419506,105,2015-02-14
333,"South Carolina St.","MEAC","8-17",0.106610745981679,85.8481795948767,346,103.279186179349,195,66.0459739820233,129,"10.4-20.6","8.8-7.2",-12.423329308404,309,2015-02-14
239,"South Dakota","Sum","12-14",0.336772843499392,99.5662927640941,213,105.61019288644,244,66.1206802361336,125,"14.4-16.6","8.7-7.3",-9.36723707470368,248,2015-02-14
118,"South Dakota St.","Sum","17-8",0.627272105109464,103.981960443925,131,99.3802889860082,129,66.2440677982938,120,"22.1-10.9","12.3-3.7",-3.27590706766353,108,2015-02-14
254,"South Florida","Amer","6-19",0.313084745717687,97.7862376415834,252,104.70101436314,225,64.8018278991861,200,"8.3-22.7","3.2-14.8",-11.6117932260116,302,2015-02-14
206,"Southeast Missouri St.","OVC","10-14",0.388497654476183,99.848753327306,209,103.866124501304,210,66.3267771668598,117,"12.1-15.9","7.7-8.3",-9.68013544776034,257,2015-02-14
268,"Southeastern Louisiana","Slnd","7-16",0.283628460928807,96.045852768928,282,104.104360946124,214,66.870914096772,91,"12.2-18.8","9.7-8.3",-10.9802894164005,283,2015-02-14
289,"Southern","SWAC","9-14",0.231972534381426,90.7464687731848,329,100.702887670838,146,65.0456443598503,180,"14.4-17.6","12.8-5.2",-9.13701310011675,244,2015-02-14
198,"Southern Illinois","MVC","9-17",0.412795654382162,97.0444944008798,265,100.064483431455,138,63.0768976120745,282,"10.8-21.2","4.2-13.8",-11.4475978797784,296,2015-02-14
318,"Southern Miss","CUSA","5-17",0.140679366552446,96.3100502564562,278,112.723093704974,333,61.9169750866348,313,"5.5-21.5","2.5-15.5",-12.3278870194537,308,2015-02-14
312,"Southern Utah","BSky","6-16",0.1595528969525,96.0190303564079,284,110.944464142195,323,68.6488606515198,32,"7.9-20.1","5.9-12.1",-12.2730149674365,307,2015-02-14
130,"St. Bonaventure","A10","13-10",0.590762510691115,102.475138794118,158,99.2554547294613,127,65.4344999201736,163,"17.1-13.9","9.3-8.7",-4.42757054972744,132,2015-02-14
182,"St. Francis NY","NEC","17-9",0.446916991460689,102.105782682435,164,104.015804964928,212,64.9585694854057,186,"21.9-12.1","14.6-3.4",-5.65735284510673,164,2015-02-14
201,"St. Francis PA","NEC","13-11",0.395010291458702,98.7790829860487,227,102.509492553669,180,63.5479479328908,262,"16.2-14.8","10.2-7.8",-7.20713327621118,193,2015-02-14
31,"St. John's","BE","16-8",0.872314162195796,110.790605495274,41,93.7421895164483,52,66.4735717554669,108,"20.2-11.8","9-9",1.56757907649621,28,2015-02-14
44,"Stanford","P12","16-8",0.840614597746692,112.811350743446,26,97.6241549449699,102,64.942345793854,190,"23.7-13.3","10.4-7.6",0.213640471374231,44,2015-02-14
68,"Stephen F. Austin","Slnd","17-4",0.776945194422809,109.561484773074,51,98.29452262062,113,65.84219904841,142,"24.7-6.3","16.2-1.8",0.315591410056874,42,2015-02-14
331,"Stetson","ASun","5-18",0.109918548371842,96.6564851385777,271,115.936108031314,346,66.0482112716956,128,"6.7-21.3","3.7-10.3",-14.4701163371607,329,2015-02-14
155,"Stony Brook","AE","15-10",0.519421734492628,98.8512925408095,223,98.1854305005611,111,64.3943624373976,221,"19.7-13.3","10.8-5.2",-4.92580458453289,155,2015-02-14
39,"Syracuse","ACC","16-9",0.855283035248507,107.398277372157,69,92.0242945807747,30,66.7719792664695,97,"18.1-12.9","9.1-8.9",-0.35706362638722,54,2015-02-14
59,"TCU","B12","15-10",0.801270489658916,103.614281922403,138,91.7837902308105,26,63.8575048532636,244,"18.2-14.8","4.4-13.6",-1.81319051682021,82,2015-02-14
53,"Temple","Amer","19-7",0.81285336236759,101.7043726809,171,89.5109428394082,10,66.3010942082174,118,"26-11","13.2-4.8",-0.0180145781946303,47,2015-02-14
102,"Tennessee","SEC","14-10",0.689547795592846,105.990446966851,90,98.8849582115586,121,61.7972855965152,317,"16.2-15.8","7.5-10.5",-1.8164935766516,83,2015-02-14
171,"Tennessee Martin","OVC","14-9",0.481016335911033,105.525218947754,95,106.224646232977,256,62.3638053363273,302,"18-14","10.2-5.8",-4.54413409728856,138,2015-02-14
328,"Tennessee St.","OVC","3-22",0.112969730827991,86.7582735946354,343,103.785081686659,209,64.5495319556097,215,"3.8-25.2","2.8-13.2",-16.3394107130705,343,2015-02-14
253,"Tennessee Tech","OVC","10-14",0.316408951675835,100.102514849469,203,107.037531387746,279,66.6365520009674,102,"11.2-16.8","4.9-11.1",-10.3435483549454,272,2015-02-14
18,"Texas","B12","17-8",0.912467282040622,109.45518160489,52,89.2710225895459,9,63.7675134527811,250,"21.9-12.1","9-9",1.3584177301309,30,2015-02-14
51,"Texas A&M","SEC","17-7",0.813968485207408,106.868762043707,76,93.9960960036713,55,64.3419361585603,225,"22.4-10.6","11-7",0.569657040588989,38,2015-02-14
266,"Texas A&M Corpus Chris","Slnd","11-11",0.287840983346359,97.9257061408631,248,105.951601287402,254,63.5767510306032,260,"16-16","11.6-6.4",-7.54295345931277,202,2015-02-14
214,"Texas Southern","SWAC","12-12",0.377806106223909,99.1622281859021,215,103.558558395124,204,62.994855449485,286,"20-15","14.6-3.4",-4.8150389679611,149,2015-02-14
235,"Texas St.","SB","8-13",0.344512631312351,91.2826872408311,326,96.5340482300311,84,61.9886572761416,310,"11.2-16.8","7.5-12.5",-8.92626406728523,241,2015-02-14
156,"Texas Tech","B12","12-14",0.518938926011017,97.9198435839412,249,97.2766144726256,96,62.820079081767,291,"12.7-19.3","2.6-15.4",-4.89366148996396,152,2015-02-14
317,"The Citadel","SC","6-15",0.148449888248652,102.974272637318,148,119.866158789691,351,59.2445870615812,346,"7.9-19.1","5.5-13.5",-11.3703709390124,292,2015-02-14
82,"Toledo","MAC","16-9",0.743925249693999,111.657262503571,33,101.768171727536,166,66.9557741799821,87,"20.7-12.3","11.6-6.4",-3.16321400150669,102,2015-02-14
270,"Towson","CAA","10-15",0.281659312328278,98.2777234285977,239,106.613490351572,266,61.0479006545655,329,"12.4-18.6","5.9-12.1",-10.2796995396857,271,2015-02-14
284,"Troy","SB","7-15",0.245703051800204,96.5683986864778,274,106.46192554574,261,64.9853424362163,185,"8.5-18.5","5.5-14.5",-11.5606882936354,300,2015-02-14
164,"Tulane","Amer","13-10",0.493046316982787,97.4872419154544,258,97.7233322316922,105,64.6914586441722,207,"16.3-13.7","7.7-10.3",-4.64047066494836,142,2015-02-14
89,"Tulsa","Amer","17-6",0.727550824523795,101.70553359995,170,93.3793523608192,46,64.7620885884079,204,"22.7-10.3","13.2-4.8",0.0110034947634938,46,2015-02-14
144,"UAB","CUSA","12-13",0.532688931284759,101.418606402186,177,100.270372764172,139,66.402784876865,112,"17.1-17.9","12.4-5.6",-6.56005660288548,179,2015-02-14
122,"UC Davis","BW","17-4",0.618913020712452,110.963890506445,38,106.382000423946,259,63.5720795258212,261,"21.4-8.6","12-4",-0.850023397118271,65,2015-02-14
87,"UC Irvine","BW","12-10",0.731526439374069,104.917010391648,111,96.1592913902252,79,65.640200011464,156,"18.2-13.8","11-5",-4.60075418779211,141,2015-02-14
241,"UC Riverside","BW","10-13",0.335763812868313,96.3959018162036,276,102.287555675614,177,66.0154152292481,132,"11.8-17.2","6.6-9.4",-7.31685168185844,196,2015-02-14
117,"UC Santa Barbara","BW","11-11",0.632867049137042,106.116105868555,86,101.208510446331,155,63.094747526049,280,"15.9-15.1","9.5-6.5",-4.9012882041215,153,2015-02-14
242,"UCF","Amer","9-13",0.334276588947773,103.007394360825,147,109.366606787966,306,64.9551162635905,188,"11.5-17.5","5.1-12.9",-7.69737091996678,207,2015-02-14
60,"UCLA","P12","16-10",0.794760264363431,108.816319713776,54,96.7310270180526,87,67.8655366505534,50,"21-15","10.9-7.1",0.10785328567342,45,2015-02-14
321,"UMass Lowell","AE","10-15",0.134905355779345,88.8295790338225,337,104.408176560988,220,64.3104223514604,227,"11.2-16.8","6.2-9.8",-10.2029453148424,270,2015-02-14
340,"UMBC","AE","3-22",0.0824221133701299,88.3529516607276,339,108.950615550749,301,65.1291630627009,178,"4.3-25.7","2.2-13.8",-17.3758403759898,347,2015-02-14
291,"UMKC","WAC","9-15",0.225302010967627,93.0361194131917,315,103.583892613685,205,65.3571780535542,167,"12.7-18.3","8.5-5.5",-10.6625387069031,276,2015-02-14
237,"UNC Asheville","BSth","10-12",0.3420546574779,98.4452475501603,236,104.207411528279,216,68.2265319846399,41,"13.2-14.8","11.1-6.9",-8.34597717736737,223,2015-02-14
294,"UNC Greensboro","SC","5-19",0.221578090573408,94.7861196249003,296,105.729431076416,246,66.7692828221941,98,"7.3-22.7","5.7-12.3",-15.0701635403276,336,2015-02-14
142,"UNC Wilmington","CAA","14-10",0.543021797299226,99.9628971712189,207,98.4745256232723,115,67.9618682459897,48,"18.1-12.9","12.7-5.3",-4.55967391673468,139,2015-02-14
100,"UNLV","MWC","13-11",0.698757658464853,105.531387334673,94,98.0859529143554,110,66.1889580063515,122,"17.7-14.3","8.4-9.6",-3.51457187040209,111,2015-02-14
141,"USC","P12","10-15",0.544730181356003,98.9604955341466,220,97.4286880572915,98,69.5769487512504,20,"11.9-20.1","3.5-14.5",-7.21572378144228,194,2015-02-14
170,"USC Upstate","ASun","15-8",0.483008613141004,102.675211971887,153,103.284059191136,196,63.7315395980952,252,"20.5-11.5","8.5-5.5",-4.76111077344657,146,2015-02-14
151,"UT Arlington","SB","13-10",0.524072851175714,102.480925397497,157,101.625759688382,163,69.9391192405352,18,"17.8-12.2","12.1-7.9",-4.7845547673325,148,2015-02-14
337,"UT Rio Grande Valley","WAC","6-17",0.0895544034615235,91.6867008025843,321,112.172420019738,328,64.8282000531418,199,"7-21","3.8-10.2",-12.7161970064035,312,2015-02-14
4,"Utah","P12","18-4",0.968697418490542,116.261344776621,14,86.2615497351842,5,62.5605740793981,297,"28.1-5.9","15.1-2.9",3.69626618976947,14,2015-02-14
121,"Utah St.","MWC","13-10",0.622258714659222,102.371777324412,159,98.0234784936249,108,63.6662467324246,254,"17.2-12.8","10.7-7.3",-4.47578260130059,134,2015-02-14
313,"Utah Valley","WAC","7-15",0.15832942028549,91.912871182746,320,106.284587553168,257,63.0436421543513,284,"9.4-18.6","5.1-8.9",-10.8215613803275,280,2015-02-14
83,"UTEP","CUSA","18-7",0.742929557120528,104.800992695216,114,95.5625054649237,73,65.2367964165744,174,"23.9-9.1","14-4",-1.6945402126589,81,2015-02-14
192,"UTSA","CUSA","11-11",0.4203080179809,105.154496612665,101,108.135814223133,292,66.6838913116696,100,"14-14","9.4-8.6",-7.51160544913229,201,2015-02-14
62,"Valparaiso","Horz","20-4",0.791281516271853,105.383178025132,98,93.8519835340627,53,64.6470524327451,212,"24.8-6.2","13-3",-0.231012412440475,52,2015-02-14
55,"Vanderbilt","SEC","13-11",0.805079559572297,111.977130943961,31,98.9841674194492,125,63.098975854153,278,"18.5-15.5","7.5-10.5",-3.02409477547104,97,2015-02-14
33,"VCU","A10","19-6",0.868514873517452,109.606210377674,49,93.0121011473953,42,68.2366795537129,40,"26.4-9.6","13.4-4.6",2.65458460624588,20,2015-02-14
135,"Vermont","AE","15-10",0.57431803006558,98.6123521695405,231,96.0773746167194,77,63.8309700516158,246,"20.2-12.8","13-3",-6.60858878560843,180,2015-02-14
9,"Villanova","BE","23-2",0.951591196800039,117.13857939439,11,90.4106153159869,15,64.9489165734523,189,"31.9-4.1","14.8-3.2",6.93868523014503,5,2015-02-14
2,"Virginia","ACC","23-1",0.975369063497466,114.957063247745,18,83.4845796352234,2,58.3324064051136,350,"31.6-2.4","16.1-1.9",8.34516263992211,2,2015-02-14
163,"Virginia Tech","ACC","10-15",0.50174678833643,101.876326158337,166,101.814446836057,167,65.7116211367573,151,"11.4-21.6","3-15",-6.41279510234756,178,2015-02-14
282,"VMI","SC","7-16",0.248895171875757,95.2841058162051,290,104.889525800987,228,78.3967157148291,1,"9-19","7.7-11.3",-11.5949573955493,301,2015-02-14
307,"Wagner","NEC","8-16",0.180361257357653,96.9876064298379,266,110.633932034264,319,67.8307438832652,51,"9.2-19.8","8-10",-12.1196969953585,304,2015-02-14
66,"Wake Forest","ACC","12-14",0.779662631581576,107.312282525093,70,96.1448617374281,78,68.7553473956482,28,"14.3-17.7","5.5-12.5",-4.15100336790687,125,2015-02-14
98,"Washington","P12","14-10",0.701197753394489,106.341302762398,82,98.7389157796664,120,67.0978764697644,80,"16.9-14.1","5.6-12.4",-2.40543926092596,89,2015-02-14
165,"Washington St.","P12","11-13",0.492949642886782,106.348639121707,81,106.609775059022,265,68.840042912835,25,"12.8-18.2","6.4-11.6",-4.81815209306064,150,2015-02-14
273,"Weber St.","BSky","8-14",0.27632194599818,98.0982612945304,242,106.66463276426,268,63.1343864858255,276,"10.5-17.5","7.3-10.7",-9.6795248094907,256,2015-02-14
29,"West Virginia","B12","19-6",0.872819363327462,107.953547116774,64,91.3056164005761,24,70.5667784816781,12,"22.9-12.1","9.3-8.7",2.62195123046579,22,2015-02-14
211,"Western Carolina","SC","11-14",0.383029206678014,100.786696324098,189,105.052418348287,233,67.004785776584,84,"13.8-16.2","10-8",-8.73420692638226,230,2015-02-14
319,"Western Illinois","Sum","6-15",0.138039913708336,87.7515048622249,342,102.902745533142,188,67.2740222984761,69,"6.9-19.1","3.8-12.2",-11.2671518189006,289,2015-02-14
148,"Western Kentucky","CUSA","14-8",0.526520442823843,102.965658954282,149,102.019335332495,171,67.7876974495454,52,"18.2-11.8","12-6",-3.26846259808305,107,2015-02-14
139,"Western Michigan","MAC","13-10",0.559787930191283,107.130347907826,72,104.91500240461,230,65.5942297606661,158,"18.1-13.9","9.3-8.7",-4.24466950468076,129,2015-02-14
15,"Wichita St.","MVC","22-3",0.921190281869389,113.730605345999,21,91.8391430363982,27,62.3499604572265,303,"28.7-5.3","16.3-1.7",3.48509481676559,15,2015-02-14
104,"William & Mary","CAA","14-9",0.684831310198647,111.392605532717,36,104.12343556328,215,65.7590973001386,148,"19-12","12.6-5.4",-3.94124611317674,120,2015-02-14
179,"Winthrop","BSth","11-11",0.451558907312639,101.06389153927,182,102.786600271298,185,67.1268015902038,78,"15.7-13.3","11.9-6.1",-7.54338071502755,203,2015-02-14
3,"Wisconsin","B10","22-2",0.972509807922518,126.964119998927,1,93.1129383026605,44,60.7145774700035,336,"34.3-5.7","15.7-2.3",6.74041503508969,6,2015-02-14
123,"Wofford","SC","19-6",0.617359148879152,98.9672977955069,219,94.9350961649288,62,61.1927224500718,328,"24.7-8.3","15.1-2.9",-0.459414838404338,57,2015-02-14
244,"Wright St.","Horz","9-14",0.331354561170734,98.7012519020796,228,104.914607383837,229,64.1788104636101,233,"11.8-17.2","5.4-10.6",-8.70793281605723,229,2015-02-14
128,"Wyoming","MWC","18-6",0.59327104929718,101.338059410265,178,98.0654960652515,109,59.1010635459245,347,"21.6-11.4","11.6-6.4",-0.929787480475984,69,2015-02-14
28,"Xavier","BE","16-10",0.877968447102317,115.074310784577,17,96.9295183249406,88,66.8253150591194,92,"21.1-15.9","9-9",-0.910855442141528,67,2015-02-14
99,"Yale","Ivy","16-7",0.699964215137594,106.230400367088,83,98.6863921468965,117,63.0683780754233,283,"20.9-9.1","11.4-2.6",-1.23746776728635,72,2015-02-14
264,"Youngstown St.","Horz","7-17",0.288891508832267,104.086110866348,129,112.566786297333,330,67.3806335831133,65,"8.8-20.2","2.6-13.4",-11.5174595333343,298,2015-02-14
